-- create database
CREATE DATABASE ShelfLayout;
GO

-- use database
USE ShelfLayout;

-- create table
CREATE TABLE [dbo].[Cabinet] (
    [id]          INT            IDENTITY (1, 1) NOT NULL,
    [store_id]    INT            NOT NULL,
    [position_x]  DECIMAL (5, 1) NOT NULL,
    [position_y]  DECIMAL (5, 1) NOT NULL,
    [position_z]  DECIMAL (5, 1) NOT NULL,
    [size_x]      DECIMAL (5, 1) NOT NULL,
    [size_y]      DECIMAL (5, 1) NOT NULL,
    [size_z]      DECIMAL (5, 1) NOT NULL,
    [created_at]  DATETIME       NOT NULL,
    [modified_at] DATETIME       NOT NULL,
    [created_by]  VARCHAR (100)  COLLATE SQL_Latin1_General_CP1_CI_AS NOT NULL,
    [modified_by] VARCHAR (100)  COLLATE SQL_Latin1_General_CP1_CI_AS NOT NULL,
    [disabled]    BIT            NOT NULL
);

CREATE TABLE [dbo].[CabinetRow] (
    [id]          INT            IDENTITY (1, 1) NOT NULL,
    [cabinet_id]  INT            NOT NULL,
    [row_num]     SMALLINT       NOT NULL,
    [position_z]  DECIMAL (5, 1) NOT NULL,
    [size_z]      DECIMAL (5, 1) NOT NULL,
    [created_at]  DATETIME       NOT NULL,
    [modified_at] DATETIME       NOT NULL,
    [created_by]  VARCHAR (100)  COLLATE SQL_Latin1_General_CP1_CI_AS NOT NULL,
    [modified_by] VARCHAR (100)  COLLATE SQL_Latin1_General_CP1_CI_AS NOT NULL,
    [disabled]    BIT            NOT NULL
);

CREATE TABLE [dbo].[CabinetRowLane] (
    [id]             INT            IDENTITY (1, 1) NOT NULL,
    [cabinet_row_id] INT            NOT NULL,
    [lane_num]       SMALLINT       NOT NULL,
    [jan_code]       VARCHAR (20)   COLLATE SQL_Latin1_General_CP1_CI_AS NOT NULL,
    [quantity]       SMALLINT       NOT NULL,
    [position_x]     DECIMAL (5, 1) NOT NULL,
    [created_at]     DATETIME       NOT NULL,
    [modified_at]    DATETIME       NOT NULL,
    [created_by]     VARCHAR (100)  COLLATE SQL_Latin1_General_CP1_CI_AS NOT NULL,
    [modified_by]    VARCHAR (100)  COLLATE SQL_Latin1_General_CP1_CI_AS NOT NULL,
    [disabled]       BIT            NOT NULL
);

CREATE TABLE [dbo].[Product] (
    [id]            INT            IDENTITY (1, 1) NOT NULL,
    [jan_code]      VARCHAR (20)   COLLATE SQL_Latin1_General_CP1_CI_AS NOT NULL,
    [name]          NVARCHAR (100) COLLATE SQL_Latin1_General_CP1_CI_AS NOT NULL,
    [volume]        DECIMAL (5, 1) NULL,
    [size_x]        DECIMAL (5, 1) NOT NULL,
    [size_y]        DECIMAL (5, 1) NOT NULL,
    [size_z]        DECIMAL (5, 1) NOT NULL,
    [shape_type_id] SMALLINT       NULL,
    [image_url]     NVARCHAR (MAX) COLLATE SQL_Latin1_General_CP1_CI_AS NOT NULL,
    [created_at]    DATETIME       NOT NULL,
    [modified_at]   DATETIME       NOT NULL,
    [created_by]    VARCHAR (100)  COLLATE SQL_Latin1_General_CP1_CI_AS NOT NULL,
    [modified_by]   VARCHAR (100)  COLLATE SQL_Latin1_General_CP1_CI_AS NOT NULL,
    [disabled]      BIT            NOT NULL
);

CREATE TABLE [dbo].[ShapeType] (
    [id]          INT           IDENTITY (1, 1) NOT NULL,
    [name]        VARCHAR (20)  COLLATE SQL_Latin1_General_CP1_CI_AS NOT NULL,
    [created_at]  DATETIME      NOT NULL,
    [modified_at] DATETIME      NOT NULL,
    [created_by]  VARCHAR (100) COLLATE SQL_Latin1_General_CP1_CI_AS NOT NULL,
    [modified_by] VARCHAR (100) COLLATE SQL_Latin1_General_CP1_CI_AS NOT NULL,
    [disabled]    BIT           NOT NULL
);

CREATE TABLE [dbo].[Store] (
    [id]          INT           IDENTITY (1, 1) NOT NULL,
    [name]        VARCHAR (50)  COLLATE SQL_Latin1_General_CP1_CI_AS NOT NULL,
    [created_at]  DATETIME      NOT NULL,
    [modified_at] DATETIME      NOT NULL,
    [created_by]  VARCHAR (100) COLLATE SQL_Latin1_General_CP1_CI_AS NOT NULL,
    [modified_by] VARCHAR (100) COLLATE SQL_Latin1_General_CP1_CI_AS NOT NULL,
    [disabled]    BIT           NOT NULL
);

CREATE TABLE [dbo].[StoreProductStock] (
    [id]          INT           IDENTITY (1, 1) NOT NULL,
    [store_id]    INT           NOT NULL,
    [jan_code]    VARCHAR (20)  COLLATE SQL_Latin1_General_CP1_CI_AS NOT NULL,
    [quantity]    SMALLINT      NOT NULL,
    [created_at]  DATETIME      NOT NULL,
    [modified_at] DATETIME      NOT NULL,
    [created_by]  VARCHAR (100) COLLATE SQL_Latin1_General_CP1_CI_AS NOT NULL,
    [modified_by] VARCHAR (100) COLLATE SQL_Latin1_General_CP1_CI_AS NOT NULL,
    [disabled]    BIT           NOT NULL
);

CREATE TABLE [dbo].[Users] (
    [id]          VARCHAR (50)  COLLATE SQL_Latin1_General_CP1_CI_AS NOT NULL,
    [first_name]  VARCHAR (50)  COLLATE SQL_Latin1_General_CP1_CI_AS NOT NULL,
    [last_name]   VARCHAR (50)  COLLATE SQL_Latin1_General_CP1_CI_AS NULL,
    [email]       VARCHAR (50)  COLLATE SQL_Latin1_General_CP1_CI_AS NOT NULL,
    [created_at]  DATETIME      NOT NULL,
    [modified_at] DATETIME      NOT NULL,
    [created_by]  VARCHAR (100) COLLATE SQL_Latin1_General_CP1_CI_AS NOT NULL,
    [modified_by] VARCHAR (100) COLLATE SQL_Latin1_General_CP1_CI_AS NOT NULL,
    [disabled]    BIT           NOT NULL
);

-- insert data
INSERT INTO [dbo].[Cabinet] ([store_id], [position_x], [position_y], [position_z], [size_x], [size_y], [size_z], [created_at], [modified_at], [created_by], [modified_by], [disabled]) VALUES (1, CAST(10.0 AS Decimal(5, 1)), CAST(20.0 AS Decimal(5, 1)), CAST(0.0 AS Decimal(5, 1)), CAST(100.0 AS Decimal(5, 1)), CAST(50.0 AS Decimal(5, 1)), CAST(200.0 AS Decimal(5, 1)), N'2023-10-22 00:00:00', N'2023-10-22 00:00:00', N'f47ac10b-58cc-4372-a567-0e02b2c3d479', N'f47ac10b-58cc-4372-a567-0e02b2c3d479', 0);
INSERT INTO [dbo].[Cabinet] ([store_id], [position_x], [position_y], [position_z], [size_x], [size_y], [size_z], [created_at], [modified_at], [created_by], [modified_by], [disabled]) VALUES (1, CAST(15.0 AS Decimal(5, 1)), CAST(25.0 AS Decimal(5, 1)), CAST(5.0 AS Decimal(5, 1)), CAST(105.0 AS Decimal(5, 1)), CAST(55.0 AS Decimal(5, 1)), CAST(205.0 AS Decimal(5, 1)), N'2023-10-22 00:00:00', N'2023-10-22 00:00:00', N'f47ac10b-58cc-4372-a567-0e02b2c3d479', N'f47ac10b-58cc-4372-a567-0e02b2c3d479', 0);
INSERT INTO [dbo].[Cabinet] ([store_id], [position_x], [position_y], [position_z], [size_x], [size_y], [size_z], [created_at], [modified_at], [created_by], [modified_by], [disabled]) VALUES (1, CAST(20.0 AS Decimal(5, 1)), CAST(30.0 AS Decimal(5, 1)), CAST(10.0 AS Decimal(5, 1)), CAST(110.0 AS Decimal(5, 1)), CAST(60.0 AS Decimal(5, 1)), CAST(210.0 AS Decimal(5, 1)), N'2023-10-22 00:00:00', N'2023-10-22 00:00:00', N'f47ac10b-58cc-4372-a567-0e02b2c3d479', N'f47ac10b-58cc-4372-a567-0e02b2c3d479', 0);

INSERT INTO [dbo].[CabinetRow] ([cabinet_id], [row_num], [position_z], [size_z], [created_at], [modified_at], [created_by], [modified_by], [disabled]) VALUES (1, 1, CAST(50.0 AS Decimal(5, 1)), CAST(40.0 AS Decimal(5, 1)), N'2023-10-22 00:00:00', N'2023-10-22 00:00:00', N'f47ac10b-58cc-4372-a567-0e02b2c3d479', N'f47ac10b-58cc-4372-a567-0e02b2c3d479', 0);
INSERT INTO [dbo].[CabinetRow] ([cabinet_id], [row_num], [position_z], [size_z], [created_at], [modified_at], [created_by], [modified_by], [disabled]) VALUES (1, 2, CAST(100.0 AS Decimal(5, 1)), CAST(40.0 AS Decimal(5, 1)), N'2023-10-22 00:00:00', N'2023-10-22 00:00:00', N'f47ac10b-58cc-4372-a567-0e02b2c3d479', N'f47ac10b-58cc-4372-a567-0e02b2c3d479', 0);
INSERT INTO [dbo].[CabinetRow] ([cabinet_id], [row_num], [position_z], [size_z], [created_at], [modified_at], [created_by], [modified_by], [disabled]) VALUES (1, 3, CAST(150.0 AS Decimal(5, 1)), CAST(40.0 AS Decimal(5, 1)), N'2023-10-22 00:00:00', N'2023-10-22 00:00:00', N'f47ac10b-58cc-4372-a567-0e02b2c3d479', N'f47ac10b-58cc-4372-a567-0e02b2c3d479', 0);
INSERT INTO [dbo].[CabinetRow] ([cabinet_id], [row_num], [position_z], [size_z], [created_at], [modified_at], [created_by], [modified_by], [disabled]) VALUES (1, 4, CAST(200.0 AS Decimal(5, 1)), CAST(40.0 AS Decimal(5, 1)), N'2023-10-22 00:00:00', N'2023-10-22 00:00:00', N'f47ac10b-58cc-4372-a567-0e02b2c3d479', N'f47ac10b-58cc-4372-a567-0e02b2c3d479', 0);
INSERT INTO [dbo].[CabinetRow] ([cabinet_id], [row_num], [position_z], [size_z], [created_at], [modified_at], [created_by], [modified_by], [disabled]) VALUES (2, 1, CAST(50.0 AS Decimal(5, 1)), CAST(40.0 AS Decimal(5, 1)), N'2023-10-22 00:00:00', N'2023-10-22 00:00:00', N'f47ac10b-58cc-4372-a567-0e02b2c3d479', N'f47ac10b-58cc-4372-a567-0e02b2c3d479', 0);
INSERT INTO [dbo].[CabinetRow] ([cabinet_id], [row_num], [position_z], [size_z], [created_at], [modified_at], [created_by], [modified_by], [disabled]) VALUES (2, 2, CAST(100.0 AS Decimal(5, 1)), CAST(40.0 AS Decimal(5, 1)), N'2023-10-22 00:00:00', N'2023-10-22 00:00:00', N'f47ac10b-58cc-4372-a567-0e02b2c3d479', N'f47ac10b-58cc-4372-a567-0e02b2c3d479', 0);
INSERT INTO [dbo].[CabinetRow] ([cabinet_id], [row_num], [position_z], [size_z], [created_at], [modified_at], [created_by], [modified_by], [disabled]) VALUES (2, 3, CAST(150.0 AS Decimal(5, 1)), CAST(40.0 AS Decimal(5, 1)), N'2023-10-22 00:00:00', N'2023-10-22 00:00:00', N'f47ac10b-58cc-4372-a567-0e02b2c3d479', N'f47ac10b-58cc-4372-a567-0e02b2c3d479', 0);
INSERT INTO [dbo].[CabinetRow] ([cabinet_id], [row_num], [position_z], [size_z], [created_at], [modified_at], [created_by], [modified_by], [disabled]) VALUES (2, 4, CAST(200.0 AS Decimal(5, 1)), CAST(40.0 AS Decimal(5, 1)), N'2023-10-22 00:00:00', N'2023-10-22 00:00:00', N'f47ac10b-58cc-4372-a567-0e02b2c3d479', N'f47ac10b-58cc-4372-a567-0e02b2c3d479', 0);
INSERT INTO [dbo].[CabinetRow] ([cabinet_id], [row_num], [position_z], [size_z], [created_at], [modified_at], [created_by], [modified_by], [disabled]) VALUES (3, 1, CAST(50.0 AS Decimal(5, 1)), CAST(40.0 AS Decimal(5, 1)), N'2023-10-22 00:00:00', N'2023-10-22 00:00:00', N'f47ac10b-58cc-4372-a567-0e02b2c3d479', N'f47ac10b-58cc-4372-a567-0e02b2c3d479', 0);
INSERT INTO [dbo].[CabinetRow] ([cabinet_id], [row_num], [position_z], [size_z], [created_at], [modified_at], [created_by], [modified_by], [disabled]) VALUES (3, 2, CAST(100.0 AS Decimal(5, 1)), CAST(40.0 AS Decimal(5, 1)), N'2023-10-22 00:00:00', N'2023-10-22 00:00:00', N'f47ac10b-58cc-4372-a567-0e02b2c3d479', N'f47ac10b-58cc-4372-a567-0e02b2c3d479', 0);
INSERT INTO [dbo].[CabinetRow] ([cabinet_id], [row_num], [position_z], [size_z], [created_at], [modified_at], [created_by], [modified_by], [disabled]) VALUES (3, 3, CAST(150.0 AS Decimal(5, 1)), CAST(40.0 AS Decimal(5, 1)), N'2023-10-22 00:00:00', N'2023-10-22 00:00:00', N'f47ac10b-58cc-4372-a567-0e02b2c3d479', N'f47ac10b-58cc-4372-a567-0e02b2c3d479', 0);
INSERT INTO [dbo].[CabinetRow] ([cabinet_id], [row_num], [position_z], [size_z], [created_at], [modified_at], [created_by], [modified_by], [disabled]) VALUES (3, 4, CAST(200.0 AS Decimal(5, 1)), CAST(40.0 AS Decimal(5, 1)), N'2023-10-22 00:00:00', N'2023-10-22 00:00:00', N'f47ac10b-58cc-4372-a567-0e02b2c3d479', N'f47ac10b-58cc-4372-a567-0e02b2c3d479', 0);

INSERT INTO [dbo].[CabinetRowLane] ([cabinet_row_id], [lane_num], [jan_code], [quantity], [position_x], [created_at], [modified_at], [created_by], [modified_by], [disabled]) VALUES (1, 1, N'4902102112457', 10, CAST(5.0 AS Decimal(5, 1)), N'2023-10-22 00:00:00', N'2023-10-22 00:00:00', N'f47ac10b-58cc-4372-a567-0e02b2c3d479', N'f47ac10b-58cc-4372-a567-0e02b2c3d479', 0);
INSERT INTO [dbo].[CabinetRowLane] ([cabinet_row_id], [lane_num], [jan_code], [quantity], [position_x], [created_at], [modified_at], [created_by], [modified_by], [disabled]) VALUES (1, 2, N'4902102112464', 15, CAST(10.0 AS Decimal(5, 1)), N'2023-10-22 00:00:00', N'2023-10-22 00:00:00', N'f47ac10b-58cc-4372-a567-0e02b2c3d479', N'f47ac10b-58cc-4372-a567-0e02b2c3d479', 0);
INSERT INTO [dbo].[CabinetRowLane] ([cabinet_row_id], [lane_num], [jan_code], [quantity], [position_x], [created_at], [modified_at], [created_by], [modified_by], [disabled]) VALUES (1, 3, N'4902102112471', 12, CAST(15.0 AS Decimal(5, 1)), N'2023-10-22 00:00:00', N'2023-10-22 00:00:00', N'NULLf47ac10b-58cc-4372-a567-0e02b2c3d479', N'f47ac10b-58cc-4372-a567-0e02b2c3d479', 0);
INSERT INTO [dbo].[CabinetRowLane] ([cabinet_row_id], [lane_num], [jan_code], [quantity], [position_x], [created_at], [modified_at], [created_by], [modified_by], [disabled]) VALUES (1, 4, N'4902102112488', 8, CAST(20.0 AS Decimal(5, 1)), N'2023-10-22 00:00:00', N'2023-10-22 00:00:00', N'f47ac10b-58cc-4372-a567-0e02b2c3d479', N'f47ac10b-58cc-4372-a567-0e02b2c3d479', 0);
INSERT INTO [dbo].[CabinetRowLane] ([cabinet_row_id], [lane_num], [jan_code], [quantity], [position_x], [created_at], [modified_at], [created_by], [modified_by], [disabled]) VALUES (1, 5, N'4902102112495', 9, CAST(25.0 AS Decimal(5, 1)), N'2023-10-22 00:00:00', N'2023-10-22 00:00:00', N'f47ac10b-58cc-4372-a567-0e02b2c3d479', N'f47ac10b-58cc-4372-a567-0e02b2c3d479', 0);
INSERT INTO [dbo].[CabinetRowLane] ([cabinet_row_id], [lane_num], [jan_code], [quantity], [position_x], [created_at], [modified_at], [created_by], [modified_by], [disabled]) VALUES (1, 6, N'4902102112501', 11, CAST(30.0 AS Decimal(5, 1)), N'2023-10-22 00:00:00', N'2023-10-22 00:00:00', N'f47ac10b-58cc-4372-a567-0e02b2c3d479', N'f47ac10b-58cc-4372-a567-0e02b2c3d479', 0);
INSERT INTO [dbo].[CabinetRowLane] ([cabinet_row_id], [lane_num], [jan_code], [quantity], [position_x], [created_at], [modified_at], [created_by], [modified_by], [disabled]) VALUES (2, 1, N'4902102112518', 13, CAST(5.0 AS Decimal(5, 1)), N'2023-10-22 00:00:00', N'2023-10-22 00:00:00', N'f47ac10b-58cc-4372-a567-0e02b2c3d479', N'f47ac10b-58cc-4372-a567-0e02b2c3d479', 0);
INSERT INTO [dbo].[CabinetRowLane] ([cabinet_row_id], [lane_num], [jan_code], [quantity], [position_x], [created_at], [modified_at], [created_by], [modified_by], [disabled]) VALUES (2, 2, N'4902102112525', 14, CAST(10.0 AS Decimal(5, 1)), N'2023-10-22 00:00:00', N'2023-10-22 00:00:00', N'f47ac10b-58cc-4372-a567-0e02b2c3d479', N'f47ac10b-58cc-4372-a567-0e02b2c3d479', 0);
INSERT INTO [dbo].[CabinetRowLane] ([cabinet_row_id], [lane_num], [jan_code], [quantity], [position_x], [created_at], [modified_at], [created_by], [modified_by], [disabled]) VALUES (2, 3, N'4902102112532', 10, CAST(15.0 AS Decimal(5, 1)), N'2023-10-22 00:00:00', N'2023-10-22 00:00:00', N'f47ac10b-58cc-4372-a567-0e02b2c3d479', N'f47ac10b-58cc-4372-a567-0e02b2c3d479', 0);
INSERT INTO [dbo].[CabinetRowLane] ([cabinet_row_id], [lane_num], [jan_code], [quantity], [position_x], [created_at], [modified_at], [created_by], [modified_by], [disabled]) VALUES (2, 4, N'4902102112549', 7, CAST(20.0 AS Decimal(5, 1)), N'2023-10-22 00:00:00', N'2023-10-22 00:00:00', N'f47ac10b-58cc-4372-a567-0e02b2c3d479', N'f47ac10b-58cc-4372-a567-0e02b2c3d479', 0);
INSERT INTO [dbo].[CabinetRowLane] ([cabinet_row_id], [lane_num], [jan_code], [quantity], [position_x], [created_at], [modified_at], [created_by], [modified_by], [disabled]) VALUES (2, 5, N'4902102112556', 6, CAST(25.0 AS Decimal(5, 1)), N'2023-10-22 00:00:00', N'2023-10-22 00:00:00', N'f47ac10b-58cc-4372-a567-0e02b2c3d479', N'f47ac10b-58cc-4372-a567-0e02b2c3d479', 0);
INSERT INTO [dbo].[CabinetRowLane] ([cabinet_row_id], [lane_num], [jan_code], [quantity], [position_x], [created_at], [modified_at], [created_by], [modified_by], [disabled]) VALUES (2, 6, N'4902102112563', 5, CAST(30.0 AS Decimal(5, 1)), N'2023-10-22 00:00:00', N'2023-10-22 00:00:00', N'f47ac10b-58cc-4372-a567-0e02b2c3d479', N'f47ac10b-58cc-4372-a567-0e02b2c3d479', 0);
INSERT INTO [dbo].[CabinetRowLane] ([cabinet_row_id], [lane_num], [jan_code], [quantity], [position_x], [created_at], [modified_at], [created_by], [modified_by], [disabled]) VALUES (3, 1, N'4902102112570', 4, CAST(5.0 AS Decimal(5, 1)), N'2023-10-22 00:00:00', N'2023-10-22 00:00:00', N'f47ac10b-58cc-4372-a567-0e02b2c3d479', N'f47ac10b-58cc-4372-a567-0e02b2c3d479', 0);
INSERT INTO [dbo].[CabinetRowLane] ([cabinet_row_id], [lane_num], [jan_code], [quantity], [position_x], [created_at], [modified_at], [created_by], [modified_by], [disabled]) VALUES (3, 2, N'4902102112587', 3, CAST(10.0 AS Decimal(5, 1)), N'2023-10-22 00:00:00', N'2023-10-22 00:00:00', N'f47ac10b-58cc-4372-a567-0e02b2c3d479', N'f47ac10b-58cc-4372-a567-0e02b2c3d479', 0);
INSERT INTO [dbo].[CabinetRowLane] ([cabinet_row_id], [lane_num], [jan_code], [quantity], [position_x], [created_at], [modified_at], [created_by], [modified_by], [disabled]) VALUES (3, 3, N'4902102112594', 2, CAST(15.0 AS Decimal(5, 1)), N'2023-10-22 00:00:00', N'2023-10-22 00:00:00', N'f47ac10b-58cc-4372-a567-0e02b2c3d479', N'f47ac10b-58cc-4372-a567-0e02b2c3d479', 0);
INSERT INTO [dbo].[CabinetRowLane] ([cabinet_row_id], [lane_num], [jan_code], [quantity], [position_x], [created_at], [modified_at], [created_by], [modified_by], [disabled]) VALUES (3, 4, N'4902102112600', 1, CAST(20.0 AS Decimal(5, 1)), N'2023-10-22 00:00:00', N'2023-10-22 00:00:00', N'f47ac10b-58cc-4372-a567-0e02b2c3d479', N'f47ac10b-58cc-4372-a567-0e02b2c3d479', 0);
INSERT INTO [dbo].[CabinetRowLane] ([cabinet_row_id], [lane_num], [jan_code], [quantity], [position_x], [created_at], [modified_at], [created_by], [modified_by], [disabled]) VALUES (3, 5, N'4902102112617', 15, CAST(25.0 AS Decimal(5, 1)), N'2023-10-22 00:00:00', N'2023-10-22 00:00:00', N'f47ac10b-58cc-4372-a567-0e02b2c3d479', N'f47ac10b-58cc-4372-a567-0e02b2c3d479', 0);
INSERT INTO [dbo].[CabinetRowLane] ([cabinet_row_id], [lane_num], [jan_code], [quantity], [position_x], [created_at], [modified_at], [created_by], [modified_by], [disabled]) VALUES (3, 6, N'4902102112624', 16, CAST(30.0 AS Decimal(5, 1)), N'2023-10-22 00:00:00', N'2023-10-22 00:00:00', N'f47ac10b-58cc-4372-a567-0e02b2c3d479', N'f47ac10b-58cc-4372-a567-0e02b2c3d479', 0);
INSERT INTO [dbo].[CabinetRowLane] ([cabinet_row_id], [lane_num], [jan_code], [quantity], [position_x], [created_at], [modified_at], [created_by], [modified_by], [disabled]) VALUES (4, 1, N'4902102112631', 17, CAST(5.0 AS Decimal(5, 1)), N'2023-10-22 00:00:00', N'2023-10-22 00:00:00', N'f47ac10b-58cc-4372-a567-0e02b2c3d479', N'f47ac10b-58cc-4372-a567-0e02b2c3d479', 0);
INSERT INTO [dbo].[CabinetRowLane] ([cabinet_row_id], [lane_num], [jan_code], [quantity], [position_x], [created_at], [modified_at], [created_by], [modified_by], [disabled]) VALUES (4, 2, N'4902102112648', 18, CAST(10.0 AS Decimal(5, 1)), N'2023-10-22 00:00:00', N'2023-10-22 00:00:00', N'f47ac10b-58cc-4372-a567-0e02b2c3d479', N'f47ac10b-58cc-4372-a567-0e02b2c3d479', 0);
INSERT INTO [dbo].[CabinetRowLane] ([cabinet_row_id], [lane_num], [jan_code], [quantity], [position_x], [created_at], [modified_at], [created_by], [modified_by], [disabled]) VALUES (4, 3, N'4902102112655', 19, CAST(15.0 AS Decimal(5, 1)), N'2023-10-22 00:00:00', N'2023-10-22 00:00:00', N'f47ac10b-58cc-4372-a567-0e02b2c3d479', N'f47ac10b-58cc-4372-a567-0e02b2c3d479', 0);
INSERT INTO [dbo].[CabinetRowLane] ([cabinet_row_id], [lane_num], [jan_code], [quantity], [position_x], [created_at], [modified_at], [created_by], [modified_by], [disabled]) VALUES (4, 4, N'4902102112662', 20, CAST(20.0 AS Decimal(5, 1)), N'2023-10-22 00:00:00', N'2023-10-22 00:00:00', N'f47ac10b-58cc-4372-a567-0e02b2c3d479', N'f47ac10b-58cc-4372-a567-0e02b2c3d479', 0);
INSERT INTO [dbo].[CabinetRowLane] ([cabinet_row_id], [lane_num], [jan_code], [quantity], [position_x], [created_at], [modified_at], [created_by], [modified_by], [disabled]) VALUES (4, 5, N'4902102112679', 21, CAST(25.0 AS Decimal(5, 1)), N'2023-10-22 00:00:00', N'2023-10-22 00:00:00', N'f47ac10b-58cc-4372-a567-0e02b2c3d479', N'f47ac10b-58cc-4372-a567-0e02b2c3d479', 0);
INSERT INTO [dbo].[CabinetRowLane] ([cabinet_row_id], [lane_num], [jan_code], [quantity], [position_x], [created_at], [modified_at], [created_by], [modified_by], [disabled]) VALUES (4, 6, N'4902102112686', 22, CAST(30.0 AS Decimal(5, 1)), N'2023-10-22 00:00:00', N'2023-10-22 00:00:00', N'f47ac10b-58cc-4372-a567-0e02b2c3d479', N'f47ac10b-58cc-4372-a567-0e02b2c3d479', 0);
INSERT INTO [dbo].[CabinetRowLane] ([cabinet_row_id], [lane_num], [jan_code], [quantity], [position_x], [created_at], [modified_at], [created_by], [modified_by], [disabled]) VALUES (5, 1, N'4902102112693', 23, CAST(5.0 AS Decimal(5, 1)), N'2023-10-22 22:15:53', N'2023-10-22 22:15:53', N'f47ac10b-58cc-4372-a567-0e02b2c3d479', N'f47ac10b-58cc-4372-a567-0e02b2c3d479', 0);
INSERT INTO [dbo].[CabinetRowLane] ([cabinet_row_id], [lane_num], [jan_code], [quantity], [position_x], [created_at], [modified_at], [created_by], [modified_by], [disabled]) VALUES (5, 2, N'4902102112709', 24, CAST(10.0 AS Decimal(5, 1)), N'2023-10-22 22:16:15', N'2023-10-22 22:16:15', N'f47ac10b-58cc-4372-a567-0e02b2c3d479', N'f47ac10b-58cc-4372-a567-0e02b2c3d479', 0);
INSERT INTO [dbo].[CabinetRowLane] ([cabinet_row_id], [lane_num], [jan_code], [quantity], [position_x], [created_at], [modified_at], [created_by], [modified_by], [disabled]) VALUES (5, 3, N'4902102112716', 25, CAST(15.0 AS Decimal(5, 1)), N'2023-10-22 22:16:15', N'2023-10-22 22:16:15', N'f47ac10b-58cc-4372-a567-0e02b2c3d479', N'f47ac10b-58cc-4372-a567-0e02b2c3d479', 0);
INSERT INTO [dbo].[CabinetRowLane] ([cabinet_row_id], [lane_num], [jan_code], [quantity], [position_x], [created_at], [modified_at], [created_by], [modified_by], [disabled]) VALUES (5, 4, N'4902102112723', 26, CAST(20.0 AS Decimal(5, 1)), N'2023-10-22 22:16:15', N'2023-10-22 22:16:15', N'f47ac10b-58cc-4372-a567-0e02b2c3d479', N'f47ac10b-58cc-4372-a567-0e02b2c3d479', 0);
INSERT INTO [dbo].[CabinetRowLane] ([cabinet_row_id], [lane_num], [jan_code], [quantity], [position_x], [created_at], [modified_at], [created_by], [modified_by], [disabled]) VALUES (5, 5, N'4902102112730', 27, CAST(25.0 AS Decimal(5, 1)), N'2023-10-22 22:16:15', N'2023-10-22 22:16:15', N'f47ac10b-58cc-4372-a567-0e02b2c3d479', N'f47ac10b-58cc-4372-a567-0e02b2c3d479', 0);
INSERT INTO [dbo].[CabinetRowLane] ([cabinet_row_id], [lane_num], [jan_code], [quantity], [position_x], [created_at], [modified_at], [created_by], [modified_by], [disabled]) VALUES (5, 6, N'4902102112747', 28, CAST(30.0 AS Decimal(5, 1)), N'2023-10-22 22:16:15', N'2023-10-22 22:16:15', N'f47ac10b-58cc-4372-a567-0e02b2c3d479', N'f47ac10b-58cc-4372-a567-0e02b2c3d479', 0);
INSERT INTO [dbo].[CabinetRowLane] ([cabinet_row_id], [lane_num], [jan_code], [quantity], [position_x], [created_at], [modified_at], [created_by], [modified_by], [disabled]) VALUES (6, 1, N'4902102112754', 29, CAST(5.0 AS Decimal(5, 1)), N'2023-10-22 22:16:15', N'2023-10-22 22:16:15', N'f47ac10b-58cc-4372-a567-0e02b2c3d479', N'f47ac10b-58cc-4372-a567-0e02b2c3d479', 0);
INSERT INTO [dbo].[CabinetRowLane] ([cabinet_row_id], [lane_num], [jan_code], [quantity], [position_x], [created_at], [modified_at], [created_by], [modified_by], [disabled]) VALUES (6, 2, N'4902102112761', 30, CAST(10.0 AS Decimal(5, 1)), N'2023-10-22 22:16:15', N'2023-10-22 22:16:15', N'f47ac10b-58cc-4372-a567-0e02b2c3d479', N'f47ac10b-58cc-4372-a567-0e02b2c3d479', 0);
INSERT INTO [dbo].[CabinetRowLane] ([cabinet_row_id], [lane_num], [jan_code], [quantity], [position_x], [created_at], [modified_at], [created_by], [modified_by], [disabled]) VALUES (6, 3, N'4902102112778', 31, CAST(15.0 AS Decimal(5, 1)), N'2023-10-22 22:16:15', N'2023-10-22 22:16:15', N'f47ac10b-58cc-4372-a567-0e02b2c3d479', N'f47ac10b-58cc-4372-a567-0e02b2c3d479', 0);
INSERT INTO [dbo].[CabinetRowLane] ([cabinet_row_id], [lane_num], [jan_code], [quantity], [position_x], [created_at], [modified_at], [created_by], [modified_by], [disabled]) VALUES (6, 4, N'4902102112785', 32, CAST(20.0 AS Decimal(5, 1)), N'2023-10-22 22:16:15', N'2023-10-22 22:16:15', N'f47ac10b-58cc-4372-a567-0e02b2c3d479', N'f47ac10b-58cc-4372-a567-0e02b2c3d479', 0);
INSERT INTO [dbo].[CabinetRowLane] ([cabinet_row_id], [lane_num], [jan_code], [quantity], [position_x], [created_at], [modified_at], [created_by], [modified_by], [disabled]) VALUES (6, 5, N'4902102112792', 33, CAST(25.0 AS Decimal(5, 1)), N'2023-10-22 22:16:15', N'2023-10-22 22:16:15', N'f47ac10b-58cc-4372-a567-0e02b2c3d479', N'f47ac10b-58cc-4372-a567-0e02b2c3d479', 0);
INSERT INTO [dbo].[CabinetRowLane] ([cabinet_row_id], [lane_num], [jan_code], [quantity], [position_x], [created_at], [modified_at], [created_by], [modified_by], [disabled]) VALUES (6, 6, N'4902102112808', 34, CAST(30.0 AS Decimal(5, 1)), N'2023-10-22 22:16:15', N'2023-10-22 22:16:15', N'f47ac10b-58cc-4372-a567-0e02b2c3d479', N'f47ac10b-58cc-4372-a567-0e02b2c3d479', 0);
INSERT INTO [dbo].[CabinetRowLane] ([cabinet_row_id], [lane_num], [jan_code], [quantity], [position_x], [created_at], [modified_at], [created_by], [modified_by], [disabled]) VALUES (7, 1, N'4902102112815', 35, CAST(5.0 AS Decimal(5, 1)), N'2023-10-22 22:16:15', N'2023-10-22 22:16:15', N'f47ac10b-58cc-4372-a567-0e02b2c3d479', N'f47ac10b-58cc-4372-a567-0e02b2c3d479', 0);
INSERT INTO [dbo].[CabinetRowLane] ([cabinet_row_id], [lane_num], [jan_code], [quantity], [position_x], [created_at], [modified_at], [created_by], [modified_by], [disabled]) VALUES (7, 2, N'4902102112822', 36, CAST(10.0 AS Decimal(5, 1)), N'2023-10-22 22:16:15', N'2023-10-22 22:16:15', N'f47ac10b-58cc-4372-a567-0e02b2c3d479', N'f47ac10b-58cc-4372-a567-0e02b2c3d479', 0);
INSERT INTO [dbo].[CabinetRowLane] ([cabinet_row_id], [lane_num], [jan_code], [quantity], [position_x], [created_at], [modified_at], [created_by], [modified_by], [disabled]) VALUES (7, 3, N'4902102112839', 37, CAST(15.0 AS Decimal(5, 1)), N'2023-10-22 22:16:15', N'2023-10-22 22:16:15', N'f47ac10b-58cc-4372-a567-0e02b2c3d479', N'f47ac10b-58cc-4372-a567-0e02b2c3d479', 0);
INSERT INTO [dbo].[CabinetRowLane] ([cabinet_row_id], [lane_num], [jan_code], [quantity], [position_x], [created_at], [modified_at], [created_by], [modified_by], [disabled]) VALUES (7, 4, N'4902102112846', 38, CAST(20.0 AS Decimal(5, 1)), N'2023-10-22 22:16:15', N'2023-10-22 22:16:15', N'f47ac10b-58cc-4372-a567-0e02b2c3d479', N'f47ac10b-58cc-4372-a567-0e02b2c3d479', 0);
INSERT INTO [dbo].[CabinetRowLane] ([cabinet_row_id], [lane_num], [jan_code], [quantity], [position_x], [created_at], [modified_at], [created_by], [modified_by], [disabled]) VALUES (7, 5, N'4902102112853', 39, CAST(25.0 AS Decimal(5, 1)), N'2023-10-22 22:16:15', N'2023-10-22 22:16:15', N'f47ac10b-58cc-4372-a567-0e02b2c3d479', N'f47ac10b-58cc-4372-a567-0e02b2c3d479', 0);
INSERT INTO [dbo].[CabinetRowLane] ([cabinet_row_id], [lane_num], [jan_code], [quantity], [position_x], [created_at], [modified_at], [created_by], [modified_by], [disabled]) VALUES (7, 6, N'4902102112860', 40, CAST(30.0 AS Decimal(5, 1)), N'2023-10-22 22:16:15', N'2023-10-22 22:16:15', N'f47ac10b-58cc-4372-a567-0e02b2c3d479', N'f47ac10b-58cc-4372-a567-0e02b2c3d479', 0);
INSERT INTO [dbo].[CabinetRowLane] ([cabinet_row_id], [lane_num], [jan_code], [quantity], [position_x], [created_at], [modified_at], [created_by], [modified_by], [disabled]) VALUES (8, 1, N'4902102112877', 41, CAST(5.0 AS Decimal(5, 1)), N'2023-10-22 22:16:15', N'2023-10-22 22:16:15', N'f47ac10b-58cc-4372-a567-0e02b2c3d479', N'f47ac10b-58cc-4372-a567-0e02b2c3d479', 0);
INSERT INTO [dbo].[CabinetRowLane] ([cabinet_row_id], [lane_num], [jan_code], [quantity], [position_x], [created_at], [modified_at], [created_by], [modified_by], [disabled]) VALUES (8, 2, N'4902102112884', 42, CAST(10.0 AS Decimal(5, 1)), N'2023-10-22 22:16:15', N'2023-10-22 22:16:15', N'f47ac10b-58cc-4372-a567-0e02b2c3d479', N'f47ac10b-58cc-4372-a567-0e02b2c3d479', 0);
INSERT INTO [dbo].[CabinetRowLane] ([cabinet_row_id], [lane_num], [jan_code], [quantity], [position_x], [created_at], [modified_at], [created_by], [modified_by], [disabled]) VALUES (8, 3, N'4902102112891', 43, CAST(15.0 AS Decimal(5, 1)), N'2023-10-22 22:16:15', N'2023-10-22 22:16:15', N'f47ac10b-58cc-4372-a567-0e02b2c3d479', N'f47ac10b-58cc-4372-a567-0e02b2c3d479', 0);
INSERT INTO [dbo].[CabinetRowLane] ([cabinet_row_id], [lane_num], [jan_code], [quantity], [position_x], [created_at], [modified_at], [created_by], [modified_by], [disabled]) VALUES (8, 4, N'4902102112907', 44, CAST(20.0 AS Decimal(5, 1)), N'2023-10-22 22:16:15', N'2023-10-22 22:16:15', N'f47ac10b-58cc-4372-a567-0e02b2c3d479', N'f47ac10b-58cc-4372-a567-0e02b2c3d479', 0);
INSERT INTO [dbo].[CabinetRowLane] ([cabinet_row_id], [lane_num], [jan_code], [quantity], [position_x], [created_at], [modified_at], [created_by], [modified_by], [disabled]) VALUES (8, 5, N'4902102112914', 45, CAST(25.0 AS Decimal(5, 1)), N'2023-10-22 22:16:15', N'2023-10-22 22:16:15', N'f47ac10b-58cc-4372-a567-0e02b2c3d479', N'f47ac10b-58cc-4372-a567-0e02b2c3d479', 0);
INSERT INTO [dbo].[CabinetRowLane] ([cabinet_row_id], [lane_num], [jan_code], [quantity], [position_x], [created_at], [modified_at], [created_by], [modified_by], [disabled]) VALUES (8, 6, N'4902102112921', 46, CAST(30.0 AS Decimal(5, 1)), N'2023-10-22 22:16:15', N'2023-10-22 22:16:15', N'f47ac10b-58cc-4372-a567-0e02b2c3d479', N'f47ac10b-58cc-4372-a567-0e02b2c3d479', 0);
INSERT INTO [dbo].[CabinetRowLane] ([cabinet_row_id], [lane_num], [jan_code], [quantity], [position_x], [created_at], [modified_at], [created_by], [modified_by], [disabled]) VALUES (9, 1, N'4902102112938', 47, CAST(5.0 AS Decimal(5, 1)), N'2023-10-22 22:16:15', N'2023-10-22 22:16:15', N'f47ac10b-58cc-4372-a567-0e02b2c3d479', N'f47ac10b-58cc-4372-a567-0e02b2c3d479', 0);
INSERT INTO [dbo].[CabinetRowLane] ([cabinet_row_id], [lane_num], [jan_code], [quantity], [position_x], [created_at], [modified_at], [created_by], [modified_by], [disabled]) VALUES (9, 2, N'4902102112945', 48, CAST(10.0 AS Decimal(5, 1)), N'2023-10-22 22:16:15', N'2023-10-22 22:16:15', N'f47ac10b-58cc-4372-a567-0e02b2c3d479', N'f47ac10b-58cc-4372-a567-0e02b2c3d479', 0);
INSERT INTO [dbo].[CabinetRowLane] ([cabinet_row_id], [lane_num], [jan_code], [quantity], [position_x], [created_at], [modified_at], [created_by], [modified_by], [disabled]) VALUES (9, 3, N'4902102112952', 49, CAST(15.0 AS Decimal(5, 1)), N'2023-10-22 22:16:15', N'2023-10-22 22:16:15', N'f47ac10b-58cc-4372-a567-0e02b2c3d479', N'f47ac10b-58cc-4372-a567-0e02b2c3d479', 0);
INSERT INTO [dbo].[CabinetRowLane] ([cabinet_row_id], [lane_num], [jan_code], [quantity], [position_x], [created_at], [modified_at], [created_by], [modified_by], [disabled]) VALUES (9, 4, N'4902102112969', 50, CAST(20.0 AS Decimal(5, 1)), N'2023-10-22 22:16:15', N'2023-10-22 22:16:15', N'f47ac10b-58cc-4372-a567-0e02b2c3d479', N'f47ac10b-58cc-4372-a567-0e02b2c3d479', 0);
INSERT INTO [dbo].[CabinetRowLane] ([cabinet_row_id], [lane_num], [jan_code], [quantity], [position_x], [created_at], [modified_at], [created_by], [modified_by], [disabled]) VALUES (9, 5, N'4902102112976', 51, CAST(25.0 AS Decimal(5, 1)), N'2023-10-22 22:16:15', N'2023-10-22 22:16:15', N'f47ac10b-58cc-4372-a567-0e02b2c3d479', N'f47ac10b-58cc-4372-a567-0e02b2c3d479', 0);
INSERT INTO [dbo].[CabinetRowLane] ([cabinet_row_id], [lane_num], [jan_code], [quantity], [position_x], [created_at], [modified_at], [created_by], [modified_by], [disabled]) VALUES (9, 6, N'4902102112983', 52, CAST(30.0 AS Decimal(5, 1)), N'2023-10-22 22:16:15', N'2023-10-22 22:16:15', N'f47ac10b-58cc-4372-a567-0e02b2c3d479', N'f47ac10b-58cc-4372-a567-0e02b2c3d479', 0);
INSERT INTO [dbo].[CabinetRowLane] ([cabinet_row_id], [lane_num], [jan_code], [quantity], [position_x], [created_at], [modified_at], [created_by], [modified_by], [disabled]) VALUES (10, 1, N'4902102112990', 53, CAST(5.0 AS Decimal(5, 1)), N'2023-10-22 22:16:15', N'2023-10-22 22:16:15', N'f47ac10b-58cc-4372-a567-0e02b2c3d479', N'f47ac10b-58cc-4372-a567-0e02b2c3d479', 0);
INSERT INTO [dbo].[CabinetRowLane] ([cabinet_row_id], [lane_num], [jan_code], [quantity], [position_x], [created_at], [modified_at], [created_by], [modified_by], [disabled]) VALUES (10, 2, N'4902102113003', 54, CAST(10.0 AS Decimal(5, 1)), N'2023-10-22 22:16:15', N'2023-10-22 22:16:15', N'f47ac10b-58cc-4372-a567-0e02b2c3d479', N'f47ac10b-58cc-4372-a567-0e02b2c3d479', 0);
INSERT INTO [dbo].[CabinetRowLane] ([cabinet_row_id], [lane_num], [jan_code], [quantity], [position_x], [created_at], [modified_at], [created_by], [modified_by], [disabled]) VALUES (10, 3, N'4902102113010', 55, CAST(15.0 AS Decimal(5, 1)), N'2023-10-22 22:16:15', N'2023-10-22 22:16:15', N'f47ac10b-58cc-4372-a567-0e02b2c3d479', N'f47ac10b-58cc-4372-a567-0e02b2c3d479', 0);
INSERT INTO [dbo].[CabinetRowLane] ([cabinet_row_id], [lane_num], [jan_code], [quantity], [position_x], [created_at], [modified_at], [created_by], [modified_by], [disabled]) VALUES (10, 4, N'4902102113027', 56, CAST(20.0 AS Decimal(5, 1)), N'2023-10-22 22:16:15', N'2023-10-22 22:16:15', N'f47ac10b-58cc-4372-a567-0e02b2c3d479', N'f47ac10b-58cc-4372-a567-0e02b2c3d479', 0);
INSERT INTO [dbo].[CabinetRowLane] ([cabinet_row_id], [lane_num], [jan_code], [quantity], [position_x], [created_at], [modified_at], [created_by], [modified_by], [disabled]) VALUES (10, 5, N'4902102113034', 57, CAST(25.0 AS Decimal(5, 1)), N'2023-10-22 22:16:15', N'2023-10-22 22:16:15', N'f47ac10b-58cc-4372-a567-0e02b2c3d479', N'f47ac10b-58cc-4372-a567-0e02b2c3d479', 0);
INSERT INTO [dbo].[CabinetRowLane] ([cabinet_row_id], [lane_num], [jan_code], [quantity], [position_x], [created_at], [modified_at], [created_by], [modified_by], [disabled]) VALUES (10, 6, N'4902102113041', 58, CAST(30.0 AS Decimal(5, 1)), N'2023-10-22 22:16:15', N'2023-10-22 22:16:15', N'f47ac10b-58cc-4372-a567-0e02b2c3d479', N'f47ac10b-58cc-4372-a567-0e02b2c3d479', 0);
INSERT INTO [dbo].[CabinetRowLane] ([cabinet_row_id], [lane_num], [jan_code], [quantity], [position_x], [created_at], [modified_at], [created_by], [modified_by], [disabled]) VALUES (11, 1, N'4902102113058', 59, CAST(5.0 AS Decimal(5, 1)), N'2023-10-22 22:16:15', N'2023-10-22 22:16:15', N'f47ac10b-58cc-4372-a567-0e02b2c3d479', N'f47ac10b-58cc-4372-a567-0e02b2c3d479', 0);
INSERT INTO [dbo].[CabinetRowLane] ([cabinet_row_id], [lane_num], [jan_code], [quantity], [position_x], [created_at], [modified_at], [created_by], [modified_by], [disabled]) VALUES (11, 2, N'4902102113065', 60, CAST(10.0 AS Decimal(5, 1)), N'2023-10-22 22:16:15', N'2023-10-22 22:16:15', N'f47ac10b-58cc-4372-a567-0e02b2c3d479', N'f47ac10b-58cc-4372-a567-0e02b2c3d479', 0);
INSERT INTO [dbo].[CabinetRowLane] ([cabinet_row_id], [lane_num], [jan_code], [quantity], [position_x], [created_at], [modified_at], [created_by], [modified_by], [disabled]) VALUES (11, 3, N'4902102113072', 61, CAST(15.0 AS Decimal(5, 1)), N'2023-10-22 22:16:15', N'2023-10-22 22:16:15', N'f47ac10b-58cc-4372-a567-0e02b2c3d479', N'f47ac10b-58cc-4372-a567-0e02b2c3d479', 0);
INSERT INTO [dbo].[CabinetRowLane] ([cabinet_row_id], [lane_num], [jan_code], [quantity], [position_x], [created_at], [modified_at], [created_by], [modified_by], [disabled]) VALUES (11, 4, N'4902102113089', 62, CAST(20.0 AS Decimal(5, 1)), N'2023-10-22 22:16:15', N'2023-10-22 22:16:15', N'f47ac10b-58cc-4372-a567-0e02b2c3d479', N'f47ac10b-58cc-4372-a567-0e02b2c3d479', 0);
INSERT INTO [dbo].[CabinetRowLane] ([cabinet_row_id], [lane_num], [jan_code], [quantity], [position_x], [created_at], [modified_at], [created_by], [modified_by], [disabled]) VALUES (11, 5, N'4902102113096', 63, CAST(25.0 AS Decimal(5, 1)), N'2023-10-22 22:16:15', N'2023-10-22 22:16:15', N'f47ac10b-58cc-4372-a567-0e02b2c3d479', N'f47ac10b-58cc-4372-a567-0e02b2c3d479', 0);
INSERT INTO [dbo].[CabinetRowLane] ([cabinet_row_id], [lane_num], [jan_code], [quantity], [position_x], [created_at], [modified_at], [created_by], [modified_by], [disabled]) VALUES (11, 6, N'4902102113102', 64, CAST(30.0 AS Decimal(5, 1)), N'2023-10-22 22:16:15', N'2023-10-22 22:16:15', N'f47ac10b-58cc-4372-a567-0e02b2c3d479', N'f47ac10b-58cc-4372-a567-0e02b2c3d479', 0);
INSERT INTO [dbo].[CabinetRowLane] ([cabinet_row_id], [lane_num], [jan_code], [quantity], [position_x], [created_at], [modified_at], [created_by], [modified_by], [disabled]) VALUES (12, 1, N'4902102113119', 65, CAST(5.0 AS Decimal(5, 1)), N'2023-10-22 22:16:15', N'2023-10-22 22:16:15', N'f47ac10b-58cc-4372-a567-0e02b2c3d479', N'f47ac10b-58cc-4372-a567-0e02b2c3d479', 0);
INSERT INTO [dbo].[CabinetRowLane] ([cabinet_row_id], [lane_num], [jan_code], [quantity], [position_x], [created_at], [modified_at], [created_by], [modified_by], [disabled]) VALUES (12, 2, N'4902102113126', 66, CAST(10.0 AS Decimal(5, 1)), N'2023-10-22 22:16:15', N'2023-10-22 22:16:15', N'f47ac10b-58cc-4372-a567-0e02b2c3d479', N'f47ac10b-58cc-4372-a567-0e02b2c3d479', 0);
INSERT INTO [dbo].[CabinetRowLane] ([cabinet_row_id], [lane_num], [jan_code], [quantity], [position_x], [created_at], [modified_at], [created_by], [modified_by], [disabled]) VALUES (12, 3, N'4902102113133', 67, CAST(15.0 AS Decimal(5, 1)), N'2023-10-22 22:16:15', N'2023-10-22 22:16:15', N'f47ac10b-58cc-4372-a567-0e02b2c3d479', N'f47ac10b-58cc-4372-a567-0e02b2c3d479', 0);
INSERT INTO [dbo].[CabinetRowLane] ([cabinet_row_id], [lane_num], [jan_code], [quantity], [position_x], [created_at], [modified_at], [created_by], [modified_by], [disabled]) VALUES (12, 4, N'4902102113140', 68, CAST(20.0 AS Decimal(5, 1)), N'2023-10-22 22:16:15', N'2023-10-22 22:16:15', N'f47ac10b-58cc-4372-a567-0e02b2c3d479', N'f47ac10b-58cc-4372-a567-0e02b2c3d479', 0);
INSERT INTO [dbo].[CabinetRowLane] ([cabinet_row_id], [lane_num], [jan_code], [quantity], [position_x], [created_at], [modified_at], [created_by], [modified_by], [disabled]) VALUES (12, 5, N'4902102113157', 69, CAST(25.0 AS Decimal(5, 1)), N'2023-10-22 22:16:15', N'2023-10-22 22:16:15', N'f47ac10b-58cc-4372-a567-0e02b2c3d479', N'f47ac10b-58cc-4372-a567-0e02b2c3d479', 0);
INSERT INTO [dbo].[CabinetRowLane] ([cabinet_row_id], [lane_num], [jan_code], [quantity], [position_x], [created_at], [modified_at], [created_by], [modified_by], [disabled]) VALUES (12, 6, N'4902102113140', 70, CAST(30.0 AS Decimal(5, 1)), N'2023-10-22 22:16:15', N'2023-10-22 22:16:15', N'f47ac10b-58cc-4372-a567-0e02b2c3d479', N'f47ac10b-58cc-4372-a567-0e02b2c3d479', 0);

INSERT INTO [dbo].[Product] ([jan_code], [name], [volume], [size_x], [size_y], [size_z], [shape_type_id], [image_url], [created_at], [modified_at], [created_by], [modified_by], [disabled]) VALUES (N'4902102113140', N'コカコーラ/Coca -Cola 1500ml', CAST(1500.0 AS Decimal(5, 1)), CAST(97.0 AS Decimal(5, 1)), CAST(97.0 AS Decimal(5, 1)), CAST(308.0 AS Decimal(5, 1)), 1, N'https://operationmanagerstorage.blob.core.windows.net/skus/4902102141109_1666091236.jpg', N'2023-10-22 20:57:02', N'2023-10-22 20:57:02', N'f47ac10b-58cc-4372-a567-0e02b2c3d479', N'f47ac10b-58cc-4372-a567-0e02b2c3d479', 0);
INSERT INTO [dbo].[Product] ([jan_code], [name], [volume], [size_x], [size_y], [size_z], [shape_type_id], [image_url], [created_at], [modified_at], [created_by], [modified_by], [disabled]) VALUES (N'4902102113133', N'アクエリアス/Aquarius 950ml', CAST(950.0 AS Decimal(5, 1)), CAST(69.0 AS Decimal(5, 1)), CAST(69.0 AS Decimal(5, 1)), CAST(274.0 AS Decimal(5, 1)), 1, N'https://operationmanagerstorage.blob.core.windows.net/skus/4902102137621_1682413847.jpg', N'2023-10-22 20:57:02', N'2023-10-22 20:57:02', N'f47ac10b-58cc-4372-a567-0e02b2c3d479', N'f47ac10b-58cc-4372-a567-0e02b2c3d479', 0);
INSERT INTO [dbo].[Product] ([jan_code], [name], [volume], [size_x], [size_y], [size_z], [shape_type_id], [image_url], [created_at], [modified_at], [created_by], [modified_by], [disabled]) VALUES (N'4902102113126', N'ポカリスエット/Pocari Sweat 900ml', CAST(900.0 AS Decimal(5, 1)), CAST(77.0 AS Decimal(5, 1)), CAST(77.0 AS Decimal(5, 1)), CAST(264.0 AS Decimal(5, 1)), 1, N'https://operationmanagerstorage.blob.core.windows.net/skus/4987035332510_1659397549.jpg', N'2023-10-22 20:57:02', N'2023-10-22 20:57:02', N'f47ac10b-58cc-4372-a567-0e02b2c3d479', N'f47ac10b-58cc-4372-a567-0e02b2c3d479', 0);
INSERT INTO [dbo].[Product] ([jan_code], [name], [volume], [size_x], [size_y], [size_z], [shape_type_id], [image_url], [created_at], [modified_at], [created_by], [modified_by], [disabled]) VALUES (N'4902102113119', N'クラフトボスレモンティー/Craft Boss Lemon Tea 600ml', CAST(600.0 AS Decimal(5, 1)), CAST(72.0 AS Decimal(5, 1)), CAST(72.0 AS Decimal(5, 1)), CAST(212.0 AS Decimal(5, 1)), 1, N'https://operationmanagerstorage.blob.core.windows.net/skus/4901777375802_1659397549.jpg', N'2023-10-22 20:57:02', N'2023-10-22 20:57:02', N'f47ac10b-58cc-4372-a567-0e02b2c3d479', N'f47ac10b-58cc-4372-a567-0e02b2c3d479', 0);
INSERT INTO [dbo].[Product] ([jan_code], [name], [volume], [size_x], [size_y], [size_z], [shape_type_id], [image_url], [created_at], [modified_at], [created_by], [modified_by], [disabled]) VALUES (N'4902102113102', N'クラフトボスフルーツティー/Craft boss fruit tea 600ml', CAST(600.0 AS Decimal(5, 1)), CAST(72.0 AS Decimal(5, 1)), CAST(72.0 AS Decimal(5, 1)), CAST(212.0 AS Decimal(5, 1)), 1, N'https://operationmanagerstorage.blob.core.windows.net/skus/4901777375826_1685668163.jpg', N'2023-10-22 20:57:02', N'2023-10-22 20:57:02', N'f47ac10b-58cc-4372-a567-0e02b2c3d479', N'f47ac10b-58cc-4372-a567-0e02b2c3d479', 0);
INSERT INTO [dbo].[Product] ([jan_code], [name], [volume], [size_x], [size_y], [size_z], [shape_type_id], [image_url], [created_at], [modified_at], [created_by], [modified_by], [disabled]) VALUES (N'4902102113096', N'ジョージアジャパンクラフトマンカフェラテ/Georgia Japan Craft Man Cafe Latte 500ml', CAST(500.0 AS Decimal(5, 1)), CAST(69.0 AS Decimal(5, 1)), CAST(69.0 AS Decimal(5, 1)), CAST(187.0 AS Decimal(5, 1)), 1, N'https://operationmanagerstorage.blob.core.windows.net/skus/4902102127271_1663059645.jpg', N'2023-10-22 20:57:02', N'2023-10-22 20:57:02', N'f47ac10b-58cc-4372-a567-0e02b2c3d479', N'f47ac10b-58cc-4372-a567-0e02b2c3d479', 0);
INSERT INTO [dbo].[Product] ([jan_code], [name], [volume], [size_x], [size_y], [size_z], [shape_type_id], [image_url], [created_at], [modified_at], [created_by], [modified_by], [disabled]) VALUES (N'4902102113089', N'ジョージアジャパンクラフトマンブラック/Georgia Japan Craft Man Black 500ml', CAST(500.0 AS Decimal(5, 1)), CAST(69.0 AS Decimal(5, 1)), CAST(69.0 AS Decimal(5, 1)), CAST(187.0 AS Decimal(5, 1)), 1, N'https://operationmanagerstorage.blob.core.windows.net/skus/4902102127257_1663059586.jpg', N'2023-10-22 20:57:02', N'2023-10-22 20:57:02', N'f47ac10b-58cc-4372-a567-0e02b2c3d479', N'f47ac10b-58cc-4372-a567-0e02b2c3d479', 0);
INSERT INTO [dbo].[Product] ([jan_code], [name], [volume], [size_x], [size_y], [size_z], [shape_type_id], [image_url], [created_at], [modified_at], [created_by], [modified_by], [disabled]) VALUES (N'4902102113072', N'クラフトボスブラック/Craft boss black 500ml', CAST(500.0 AS Decimal(5, 1)), CAST(69.0 AS Decimal(5, 1)), CAST(69.0 AS Decimal(5, 1)), CAST(198.0 AS Decimal(5, 1)), 1, N'https://operationmanagerstorage.blob.core.windows.net/skus/4901777300521_1661735240.jpg', N'2023-10-22 20:57:02', N'2023-10-22 20:57:02', N'f47ac10b-58cc-4372-a567-0e02b2c3d479', N'f47ac10b-58cc-4372-a567-0e02b2c3d479', 0);
INSERT INTO [dbo].[Product] ([jan_code], [name], [volume], [size_x], [size_y], [size_z], [shape_type_id], [image_url], [created_at], [modified_at], [created_by], [modified_by], [disabled]) VALUES (N'4902102113065', N'クラフトボス微糖/Craft Boss Sugar 500ml', CAST(500.0 AS Decimal(5, 1)), CAST(69.0 AS Decimal(5, 1)), CAST(69.0 AS Decimal(5, 1)), CAST(198.0 AS Decimal(5, 1)), 1, N'https://operationmanagerstorage.blob.core.windows.net/skus/4901777349926_1661735380.jpg', N'2023-10-22 20:57:02', N'2023-10-22 20:57:02', N'f47ac10b-58cc-4372-a567-0e02b2c3d479', N'f47ac10b-58cc-4372-a567-0e02b2c3d479', 0);
INSERT INTO [dbo].[Product] ([jan_code], [name], [volume], [size_x], [size_y], [size_z], [shape_type_id], [image_url], [created_at], [modified_at], [created_by], [modified_by], [disabled]) VALUES (N'4902102113058', N'小岩井theカフェオレ/Koiwai THE Cafe au lait 500ml', CAST(500.0 AS Decimal(5, 1)), CAST(71.0 AS Decimal(5, 1)), CAST(71.0 AS Decimal(5, 1)), CAST(181.0 AS Decimal(5, 1)), 1, N'https://operationmanagerstorage.blob.core.windows.net/skus/4909411087555_1659397551.jpg', N'2023-10-22 20:57:02', N'2023-10-22 20:57:02', N'f47ac10b-58cc-4372-a567-0e02b2c3d479', N'f47ac10b-58cc-4372-a567-0e02b2c3d479', 0);
INSERT INTO [dbo].[Product] ([jan_code], [name], [volume], [size_x], [size_y], [size_z], [shape_type_id], [image_url], [created_at], [modified_at], [created_by], [modified_by], [disabled]) VALUES (N'4902102113041', N'クラフトボスミルキープレッソビターラテ/Craft Boss Milky BitterLatte 300ml', CAST(300.0 AS Decimal(5, 1)), CAST(60.0 AS Decimal(5, 1)), CAST(60.0 AS Decimal(5, 1)), CAST(162.0 AS Decimal(5, 1)), 2, N'https://operationmanagerstorage.blob.core.windows.net/skus/4901777375949_1666091268.jpg', N'2023-10-22 20:57:02', N'2023-10-22 20:57:02', N'f47ac10b-58cc-4372-a567-0e02b2c3d479', N'f47ac10b-58cc-4372-a567-0e02b2c3d479', 0);
INSERT INTO [dbo].[Product] ([jan_code], [name], [volume], [size_x], [size_y], [size_z], [shape_type_id], [image_url], [created_at], [modified_at], [created_by], [modified_by], [disabled]) VALUES (N'4902102113034', N'ジョージア香るブラック/Georgia scent black 400ml', CAST(400.0 AS Decimal(5, 1)), CAST(66.0 AS Decimal(5, 1)), CAST(66.0 AS Decimal(5, 1)), CAST(166.0 AS Decimal(5, 1)), 2, N'https://operationmanagerstorage.blob.core.windows.net/skus/4902102118668_1683444961.jpg', N'2023-10-22 20:57:02', N'2023-10-22 20:57:02', N'f47ac10b-58cc-4372-a567-0e02b2c3d479', N'f47ac10b-58cc-4372-a567-0e02b2c3d479', 0);
INSERT INTO [dbo].[Product] ([jan_code], [name], [volume], [size_x], [size_y], [size_z], [shape_type_id], [image_url], [created_at], [modified_at], [created_by], [modified_by], [disabled]) VALUES (N'4902102113027', N'ワンダ極微糖/Wanda extra sugar 370g', CAST(370.0 AS Decimal(5, 1)), CAST(66.0 AS Decimal(5, 1)), CAST(66.0 AS Decimal(5, 1)), CAST(166.0 AS Decimal(5, 1)), 2, N'https://operationmanagerstorage.blob.core.windows.net/skus/4514603345117_1677304138.jpg', N'2023-10-22 20:57:02', N'2023-10-22 20:57:02', N'f47ac10b-58cc-4372-a567-0e02b2c3d479', N'f47ac10b-58cc-4372-a567-0e02b2c3d479', 0);
INSERT INTO [dbo].[Product] ([jan_code], [name], [volume], [size_x], [size_y], [size_z], [shape_type_id], [image_url], [created_at], [modified_at], [created_by], [modified_by], [disabled]) VALUES (N'4902102113010', N'ワンダ極カフェオレ/Wanda Extra Cafe au lait 370g', CAST(370.0 AS Decimal(5, 1)), CAST(66.0 AS Decimal(5, 1)), CAST(66.0 AS Decimal(5, 1)), CAST(166.0 AS Decimal(5, 1)), 2, N'https://operationmanagerstorage.blob.core.windows.net/skus/4514603362619_1683445628.jpg', N'2023-10-22 20:57:02', N'2023-10-22 20:57:02', N'f47ac10b-58cc-4372-a567-0e02b2c3d479', N'f47ac10b-58cc-4372-a567-0e02b2c3d479', 0);
INSERT INTO [dbo].[Product] ([jan_code], [name], [volume], [size_x], [size_y], [size_z], [shape_type_id], [image_url], [created_at], [modified_at], [created_by], [modified_by], [disabled]) VALUES (N'4902102113003', N'タリーズ無糖LATTE/Tullys sugar -free Latte370ml', CAST(370.0 AS Decimal(5, 1)), CAST(67.0 AS Decimal(5, 1)), CAST(67.0 AS Decimal(5, 1)), CAST(164.0 AS Decimal(5, 1)), 2, N'https://operationmanagerstorage.blob.core.windows.net/skus/4901085613580_1679554937.jpg', N'2023-10-22 20:57:02', N'2023-10-22 20:57:02', N'f47ac10b-58cc-4372-a567-0e02b2c3d479', N'f47ac10b-58cc-4372-a567-0e02b2c3d479', 0);
INSERT INTO [dbo].[Product] ([jan_code], [name], [volume], [size_x], [size_y], [size_z], [shape_type_id], [image_url], [created_at], [modified_at], [created_by], [modified_by], [disabled]) VALUES (N'4902102112990', N'タリーズBLACK/Tullys Black390ml', CAST(390.0 AS Decimal(5, 1)), CAST(67.0 AS Decimal(5, 1)), CAST(67.0 AS Decimal(5, 1)), CAST(164.0 AS Decimal(5, 1)), 2, N'https://operationmanagerstorage.blob.core.windows.net/skus/4901085161982_1659397552.jpg', N'2023-10-22 20:57:02', N'2023-10-22 20:57:02', N'f47ac10b-58cc-4372-a567-0e02b2c3d479', N'f47ac10b-58cc-4372-a567-0e02b2c3d479', 0);
INSERT INTO [dbo].[Product] ([jan_code], [name], [volume], [size_x], [size_y], [size_z], [shape_type_id], [image_url], [created_at], [modified_at], [created_by], [modified_by], [disabled]) VALUES (N'4902102112983', N'コーヒーと始める新習慣MCTLATTE砂糖不使用/coffee McTLATTE sugar free 270ml', CAST(270.0 AS Decimal(5, 1)), CAST(66.0 AS Decimal(5, 1)), CAST(66.0 AS Decimal(5, 1)), CAST(135.0 AS Decimal(5, 1)), 2, N'https://operationmanagerstorage.blob.core.windows.net/skus/4901201147906_1659397553.jpg', N'2023-10-22 20:57:02', N'2023-10-22 20:57:02', N'f47ac10b-58cc-4372-a567-0e02b2c3d479', N'f47ac10b-58cc-4372-a567-0e02b2c3d479', 0);
INSERT INTO [dbo].[Product] ([jan_code], [name], [volume], [size_x], [size_y], [size_z], [shape_type_id], [image_url], [created_at], [modified_at], [created_by], [modified_by], [disabled]) VALUES (N'4902102112976', N'UCCブラック無糖/Black sugar -free 185g', CAST(185.0 AS Decimal(5, 1)), CAST(53.0 AS Decimal(5, 1)), CAST(53.0 AS Decimal(5, 1)), CAST(105.0 AS Decimal(5, 1)), 2, N'https://operationmanagerstorage.blob.core.windows.net/skus/4901201208096_1659397553.jpg', N'2023-10-22 20:57:02', N'2023-10-22 20:57:02', N'f47ac10b-58cc-4372-a567-0e02b2c3d479', N'f47ac10b-58cc-4372-a567-0e02b2c3d479', 0);
INSERT INTO [dbo].[Product] ([jan_code], [name], [volume], [size_x], [size_y], [size_z], [shape_type_id], [image_url], [created_at], [modified_at], [created_by], [modified_by], [disabled]) VALUES (N'4902102112969', N'ワンダモーニングショット/Wanda Morning Shot 185g', CAST(185.0 AS Decimal(5, 1)), CAST(52.0 AS Decimal(5, 1)), CAST(52.0 AS Decimal(5, 1)), CAST(104.0 AS Decimal(5, 1)), 2, N'https://operationmanagerstorage.blob.core.windows.net/skus/4514603284317_1671600046.jpg', N'2023-10-22 20:57:02', N'2023-10-22 20:57:02', N'f47ac10b-58cc-4372-a567-0e02b2c3d479', N'f47ac10b-58cc-4372-a567-0e02b2c3d479', 0);
INSERT INTO [dbo].[Product] ([jan_code], [name], [volume], [size_x], [size_y], [size_z], [shape_type_id], [image_url], [created_at], [modified_at], [created_by], [modified_by], [disabled]) VALUES (N'4902102112945', N'ボスカフェオレ/Boss Cafe au lait 185g', CAST(185.0 AS Decimal(5, 1)), CAST(53.0 AS Decimal(5, 1)), CAST(53.0 AS Decimal(5, 1)), CAST(105.0 AS Decimal(5, 1)), 2, N'https://operationmanagerstorage.blob.core.windows.net/skus/4901777235434_1659397554.jpg', N'2023-10-22 20:57:02', N'2023-10-22 20:57:02', N'f47ac10b-58cc-4372-a567-0e02b2c3d479', N'f47ac10b-58cc-4372-a567-0e02b2c3d479', 0);
INSERT INTO [dbo].[Product] ([jan_code], [name], [volume], [size_x], [size_y], [size_z], [shape_type_id], [image_url], [created_at], [modified_at], [created_by], [modified_by], [disabled]) VALUES (N'4902102112952', N'ジョージアエメラルドマウンテンブレンド/Georgia Emerald Mountain Blend 185g', CAST(185.0 AS Decimal(5, 1)), CAST(52.0 AS Decimal(5, 1)), CAST(52.0 AS Decimal(5, 1)), CAST(105.0 AS Decimal(5, 1)), 2, N'https://operationmanagerstorage.blob.core.windows.net/skus/4902102107341_1683444986.jpg', N'2023-10-22 20:57:02', N'2023-10-22 20:57:02', N'f47ac10b-58cc-4372-a567-0e02b2c3d479', N'f47ac10b-58cc-4372-a567-0e02b2c3d479', 0);
INSERT INTO [dbo].[Product] ([jan_code], [name], [volume], [size_x], [size_y], [size_z], [shape_type_id], [image_url], [created_at], [modified_at], [created_by], [modified_by], [disabled]) VALUES (N'4902102112938', N'ファイア挽きたて微糖/Fire freshly brewed sugar 185g', CAST(185.0 AS Decimal(5, 1)), CAST(53.0 AS Decimal(5, 1)), CAST(53.0 AS Decimal(5, 1)), CAST(105.0 AS Decimal(5, 1)), 2, N'https://operationmanagerstorage.blob.core.windows.net/skus/4909411083342_1659397554.jpg', N'2023-10-22 20:57:02', N'2023-10-22 20:57:02', N'f47ac10b-58cc-4372-a567-0e02b2c3d479', N'f47ac10b-58cc-4372-a567-0e02b2c3d479', 0);
INSERT INTO [dbo].[Product] ([jan_code], [name], [volume], [size_x], [size_y], [size_z], [shape_type_id], [image_url], [created_at], [modified_at], [created_by], [modified_by], [disabled]) VALUES (N'4902102112921', N'ボスレインボーマウンテンブレンド1/Boss Rainbow Mountain Blend 185g', CAST(185.0 AS Decimal(5, 1)), CAST(53.0 AS Decimal(5, 1)), CAST(53.0 AS Decimal(5, 1)), CAST(105.0 AS Decimal(5, 1)), 2, N'https://operationmanagerstorage.blob.core.windows.net/skus/4901777235298_1684221096.jpg', N'2023-10-22 20:57:02', N'2023-10-22 20:57:02', N'f47ac10b-58cc-4372-a567-0e02b2c3d479', N'f47ac10b-58cc-4372-a567-0e02b2c3d479', 0);
INSERT INTO [dbo].[Product] ([jan_code], [name], [volume], [size_x], [size_y], [size_z], [shape_type_id], [image_url], [created_at], [modified_at], [created_by], [modified_by], [disabled]) VALUES (N'4902102112914', N'ボス贅沢微糖/Boss luxurious extra sugar 185g', CAST(185.0 AS Decimal(5, 1)), CAST(53.0 AS Decimal(5, 1)), CAST(53.0 AS Decimal(5, 1)), CAST(105.0 AS Decimal(5, 1)), 2, N'https://operationmanagerstorage.blob.core.windows.net/skus/4901777235335_1668652237.jpg', N'2023-10-22 20:57:02', N'2023-10-22 20:57:02', N'f47ac10b-58cc-4372-a567-0e02b2c3d479', N'f47ac10b-58cc-4372-a567-0e02b2c3d479', 0);
INSERT INTO [dbo].[Product] ([jan_code], [name], [volume], [size_x], [size_y], [size_z], [shape_type_id], [image_url], [created_at], [modified_at], [created_by], [modified_by], [disabled]) VALUES (N'4902102112907', N'ペプシコーラ/Pepsi Cola 600ml', CAST(600.0 AS Decimal(5, 1)), CAST(71.0 AS Decimal(5, 1)), CAST(71.0 AS Decimal(5, 1)), CAST(223.0 AS Decimal(5, 1)), 1, N'https://operationmanagerstorage.blob.core.windows.net/skus/4901777360679_1690332983.jpg', N'2023-10-22 20:57:02', N'2023-10-22 20:57:02', N'f47ac10b-58cc-4372-a567-0e02b2c3d479', N'f47ac10b-58cc-4372-a567-0e02b2c3d479', 0);
INSERT INTO [dbo].[Product] ([jan_code], [name], [volume], [size_x], [size_y], [size_z], [shape_type_id], [image_url], [created_at], [modified_at], [created_by], [modified_by], [disabled]) VALUES (N'4902102112891', N'コカコーラ/Coca -Cola 500ml', CAST(500.0 AS Decimal(5, 1)), CAST(69.0 AS Decimal(5, 1)), CAST(69.0 AS Decimal(5, 1)), CAST(224.0 AS Decimal(5, 1)), 1, N'https://operationmanagerstorage.blob.core.windows.net/skus/4902102072618_1666091114.jpg', N'2023-10-22 20:57:02', N'2023-10-22 20:57:02', N'f47ac10b-58cc-4372-a567-0e02b2c3d479', N'f47ac10b-58cc-4372-a567-0e02b2c3d479', 0);
INSERT INTO [dbo].[Product] ([jan_code], [name], [volume], [size_x], [size_y], [size_z], [shape_type_id], [image_url], [created_at], [modified_at], [created_by], [modified_by], [disabled]) VALUES (N'4902102112884', N'コカコーラゼロ/Coca -Cola Zero 500ml', CAST(500.0 AS Decimal(5, 1)), CAST(69.0 AS Decimal(5, 1)), CAST(69.0 AS Decimal(5, 1)), CAST(224.0 AS Decimal(5, 1)), 1, N'https://operationmanagerstorage.blob.core.windows.net/skus/4902102084178_1666091166.jpg', N'2023-10-22 20:57:02', N'2023-10-22 20:57:02', N'f47ac10b-58cc-4372-a567-0e02b2c3d479', N'f47ac10b-58cc-4372-a567-0e02b2c3d479', 0);
INSERT INTO [dbo].[Product] ([jan_code], [name], [volume], [size_x], [size_y], [size_z], [shape_type_id], [image_url], [created_at], [modified_at], [created_by], [modified_by], [disabled]) VALUES (N'4902102112877', N'コカコーラプラス/Coca -Cola Plus 470ml', CAST(470.0 AS Decimal(5, 1)), CAST(68.0 AS Decimal(5, 1)), CAST(68.0 AS Decimal(5, 1)), CAST(224.0 AS Decimal(5, 1)), 1, N'https://operationmanagerstorage.blob.core.windows.net/skus/4902102123181_1659397556.jpg', N'2023-10-22 20:57:02', N'2023-10-22 20:57:02', N'f47ac10b-58cc-4372-a567-0e02b2c3d479', N'f47ac10b-58cc-4372-a567-0e02b2c3d479', 0);
INSERT INTO [dbo].[Product] ([jan_code], [name], [volume], [size_x], [size_y], [size_z], [shape_type_id], [image_url], [created_at], [modified_at], [created_by], [modified_by], [disabled]) VALUES (N'4902102112860', N'グリーンダカラ/Green Dakara 600ml', CAST(600.0 AS Decimal(5, 1)), CAST(72.0 AS Decimal(5, 1)), CAST(72.0 AS Decimal(5, 1)), CAST(223.0 AS Decimal(5, 1)), 1, N'https://operationmanagerstorage.blob.core.windows.net/skus/4901777336704_1686558065.jpg', N'2023-10-22 20:57:02', N'2023-10-22 20:57:02', N'f47ac10b-58cc-4372-a567-0e02b2c3d479', N'f47ac10b-58cc-4372-a567-0e02b2c3d479', 0);
INSERT INTO [dbo].[Product] ([jan_code], [name], [volume], [size_x], [size_y], [size_z], [shape_type_id], [image_url], [created_at], [modified_at], [created_by], [modified_by], [disabled]) VALUES (N'4902102112853', N'ビタミンウォーター/Vitamin water 500ml', CAST(500.0 AS Decimal(5, 1)), CAST(58.0 AS Decimal(5, 1)), CAST(58.0 AS Decimal(5, 1)), CAST(217.0 AS Decimal(5, 1)), 1, N'https://operationmanagerstorage.blob.core.windows.net/skus/4901777267503_1686558037.jpg', N'2023-10-22 20:57:02', N'2023-10-22 20:57:02', N'f47ac10b-58cc-4372-a567-0e02b2c3d479', N'f47ac10b-58cc-4372-a567-0e02b2c3d479', 0);
INSERT INTO [dbo].[Product] ([jan_code], [name], [volume], [size_x], [size_y], [size_z], [shape_type_id], [image_url], [created_at], [modified_at], [created_by], [modified_by], [disabled]) VALUES (N'4902102112846', N'ライフガード/Life guard 500ml', CAST(500.0 AS Decimal(5, 1)), CAST(68.0 AS Decimal(5, 1)), CAST(68.0 AS Decimal(5, 1)), CAST(210.0 AS Decimal(5, 1)), 1, N'https://operationmanagerstorage.blob.core.windows.net/skus/4902074010625_1679555230.jpg', N'2023-10-22 20:57:02', N'2023-10-22 20:57:02', N'f47ac10b-58cc-4372-a567-0e02b2c3d479', N'f47ac10b-58cc-4372-a567-0e02b2c3d479', 0);
INSERT INTO [dbo].[Product] ([jan_code], [name], [volume], [size_x], [size_y], [size_z], [shape_type_id], [image_url], [created_at], [modified_at], [created_by], [modified_by], [disabled]) VALUES (N'4902102112839', N'デカビタＣギガント/Dekavita C Gigant 600ml', CAST(600.0 AS Decimal(5, 1)), CAST(69.0 AS Decimal(5, 1)), CAST(69.0 AS Decimal(5, 1)), CAST(222.0 AS Decimal(5, 1)), 1, N'https://operationmanagerstorage.blob.core.windows.net/skus/4901777379664_1680420993.jpg', N'2023-10-22 20:57:02', N'2023-10-22 20:57:02', N'f47ac10b-58cc-4372-a567-0e02b2c3d479', N'f47ac10b-58cc-4372-a567-0e02b2c3d479', 0);
INSERT INTO [dbo].[Product] ([jan_code], [name], [volume], [size_x], [size_y], [size_z], [shape_type_id], [image_url], [created_at], [modified_at], [created_by], [modified_by], [disabled]) VALUES (N'4902102112822', N'ポカリスエット/Pocari Sweat 500ml', CAST(500.0 AS Decimal(5, 1)), CAST(69.0 AS Decimal(5, 1)), CAST(69.0 AS Decimal(5, 1)), CAST(210.0 AS Decimal(5, 1)), 1, N'https://operationmanagerstorage.blob.core.windows.net/skus/45019517_1659397558.jpg', N'2023-10-22 20:57:02', N'2023-10-22 20:57:02', N'f47ac10b-58cc-4372-a567-0e02b2c3d479', N'f47ac10b-58cc-4372-a567-0e02b2c3d479', 0);
INSERT INTO [dbo].[Product] ([jan_code], [name], [volume], [size_x], [size_y], [size_z], [shape_type_id], [image_url], [created_at], [modified_at], [created_by], [modified_by], [disabled]) VALUES (N'4902102112815', N'ポカリスエットイオンウォーター/Pocari Sweat Ion Water 500ml', CAST(500.0 AS Decimal(5, 1)), CAST(66.0 AS Decimal(5, 1)), CAST(66.0 AS Decimal(5, 1)), CAST(209.0 AS Decimal(5, 1)), 1, N'https://operationmanagerstorage.blob.core.windows.net/skus/4987035223818_1683444853.jpg', N'2023-10-22 20:57:02', N'2023-10-22 20:57:02', N'f47ac10b-58cc-4372-a567-0e02b2c3d479', N'f47ac10b-58cc-4372-a567-0e02b2c3d479', 0);
INSERT INTO [dbo].[Product] ([jan_code], [name], [volume], [size_x], [size_y], [size_z], [shape_type_id], [image_url], [created_at], [modified_at], [created_by], [modified_by], [disabled]) VALUES (N'4902102112808', N'カルピスウォーター/Calpis water 500ml', CAST(500.0 AS Decimal(5, 1)), CAST(60.0 AS Decimal(5, 1)), CAST(60.0 AS Decimal(5, 1)), CAST(209.0 AS Decimal(5, 1)), 1, N'https://operationmanagerstorage.blob.core.windows.net/skus/4901340689213_1659397559.jpg', N'2023-10-22 20:57:02', N'2023-10-22 20:57:02', N'f47ac10b-58cc-4372-a567-0e02b2c3d479', N'f47ac10b-58cc-4372-a567-0e02b2c3d479', 0);
INSERT INTO [dbo].[Product] ([jan_code], [name], [volume], [size_x], [size_y], [size_z], [shape_type_id], [image_url], [created_at], [modified_at], [created_by], [modified_by], [disabled]) VALUES (N'4902102112792', N'アクエリアス/Aquarius 500ml', CAST(500.0 AS Decimal(5, 1)), CAST(68.0 AS Decimal(5, 1)), CAST(68.0 AS Decimal(5, 1)), CAST(209.0 AS Decimal(5, 1)), 1, N'https://operationmanagerstorage.blob.core.windows.net/skus/4902102069359_1659397559.jpg', N'2023-10-22 20:57:02', N'2023-10-22 20:57:02', N'f47ac10b-58cc-4372-a567-0e02b2c3d479', N'f47ac10b-58cc-4372-a567-0e02b2c3d479', 0);
INSERT INTO [dbo].[Product] ([jan_code], [name], [volume], [size_x], [size_y], [size_z], [shape_type_id], [image_url], [created_at], [modified_at], [created_by], [modified_by], [disabled]) VALUES (N'4902102112785', N'午後の紅茶ストレート/Afternoon tea straight 500ml', CAST(500.0 AS Decimal(5, 1)), CAST(59.0 AS Decimal(5, 1)), CAST(59.0 AS Decimal(5, 1)), CAST(217.0 AS Decimal(5, 1)), 1, N'https://operationmanagerstorage.blob.core.windows.net/skus/4909411084790_1685061764.jpg', N'2023-10-22 20:57:02', N'2023-10-22 20:57:02', N'f47ac10b-58cc-4372-a567-0e02b2c3d479', N'f47ac10b-58cc-4372-a567-0e02b2c3d479', 0);
INSERT INTO [dbo].[Product] ([jan_code], [name], [volume], [size_x], [size_y], [size_z], [shape_type_id], [image_url], [created_at], [modified_at], [created_by], [modified_by], [disabled]) VALUES (N'4902102112778', N'午後の紅茶レモンティー/Afternoon tea lemon 500ml', CAST(500.0 AS Decimal(5, 1)), CAST(59.0 AS Decimal(5, 1)), CAST(59.0 AS Decimal(5, 1)), CAST(217.0 AS Decimal(5, 1)), 1, N'https://operationmanagerstorage.blob.core.windows.net/skus/4909411084875_1685061792.jpg', N'2023-10-22 20:57:02', N'2023-10-22 20:57:02', N'f47ac10b-58cc-4372-a567-0e02b2c3d479', N'f47ac10b-58cc-4372-a567-0e02b2c3d479', 0);
INSERT INTO [dbo].[Product] ([jan_code], [name], [volume], [size_x], [size_y], [size_z], [shape_type_id], [image_url], [created_at], [modified_at], [created_by], [modified_by], [disabled]) VALUES (N'4902102112761', N'午後の紅茶ミルクティー/Afternoon tea milk 500ml', CAST(500.0 AS Decimal(5, 1)), CAST(59.0 AS Decimal(5, 1)), CAST(59.0 AS Decimal(5, 1)), CAST(217.0 AS Decimal(5, 1)), 1, N'https://operationmanagerstorage.blob.core.windows.net/skus/4909411084950_1685061819.jpg', N'2023-10-22 20:57:02', N'2023-10-22 20:57:02', N'f47ac10b-58cc-4372-a567-0e02b2c3d479', N'f47ac10b-58cc-4372-a567-0e02b2c3d479', 0);
INSERT INTO [dbo].[Product] ([jan_code], [name], [volume], [size_x], [size_y], [size_z], [shape_type_id], [image_url], [created_at], [modified_at], [created_by], [modified_by], [disabled]) VALUES (N'4902102112525', N'綾鷹/Ayataka 300ml', CAST(300.0 AS Decimal(5, 1)), CAST(60.0 AS Decimal(5, 1)), CAST(60.0 AS Decimal(5, 1)), CAST(167.0 AS Decimal(5, 1)), 1, N'https://operationmanagerstorage.blob.core.windows.net/skus/4902102101288_1678168301.jpg', N'2023-10-22 20:57:02', N'2023-10-22 20:57:02', N'f47ac10b-58cc-4372-a567-0e02b2c3d479', N'f47ac10b-58cc-4372-a567-0e02b2c3d479', 0);
INSERT INTO [dbo].[Product] ([jan_code], [name], [volume], [size_x], [size_y], [size_z], [shape_type_id], [image_url], [created_at], [modified_at], [created_by], [modified_by], [disabled]) VALUES (N'4902102112754', N'紅茶花伝ロイヤルミルクティー/Kouchakaden Royal Milk 440ml', CAST(440.0 AS Decimal(5, 1)), CAST(69.0 AS Decimal(5, 1)), CAST(69.0 AS Decimal(5, 1)), CAST(174.0 AS Decimal(5, 1)), 1, N'https://operationmanagerstorage.blob.core.windows.net/skus/4902102136716_1659397560.jpg', N'2023-10-22 20:57:02', N'2023-10-22 20:57:02', N'f47ac10b-58cc-4372-a567-0e02b2c3d479', N'f47ac10b-58cc-4372-a567-0e02b2c3d479', 0);
INSERT INTO [dbo].[Product] ([jan_code], [name], [volume], [size_x], [size_y], [size_z], [shape_type_id], [image_url], [created_at], [modified_at], [created_by], [modified_by], [disabled]) VALUES (N'4902102112747', N'伊右衛門カフェジャスミンティーラテ/Cafe Jasmine Tea latte 500ml', CAST(500.0 AS Decimal(5, 1)), CAST(72.0 AS Decimal(5, 1)), CAST(72.0 AS Decimal(5, 1)), CAST(177.0 AS Decimal(5, 1)), 1, N'https://operationmanagerstorage.blob.core.windows.net/skus/4901777381254_1659397560.jpg', N'2023-10-22 20:57:02', N'2023-10-22 20:57:02', N'f47ac10b-58cc-4372-a567-0e02b2c3d479', N'f47ac10b-58cc-4372-a567-0e02b2c3d479', 0);
INSERT INTO [dbo].[Product] ([jan_code], [name], [volume], [size_x], [size_y], [size_z], [shape_type_id], [image_url], [created_at], [modified_at], [created_by], [modified_by], [disabled]) VALUES (N'4902102112730', N'ウェルチ１房分のぶどう/welch 1 bunch 470ml', CAST(470.0 AS Decimal(5, 1)), CAST(72.0 AS Decimal(5, 1)), CAST(72.0 AS Decimal(5, 1)), CAST(173.0 AS Decimal(5, 1)), 1, N'https://operationmanagerstorage.blob.core.windows.net/skus/4901340064041_1659397560.jpg', N'2023-10-22 20:57:02', N'2023-10-22 20:57:02', N'f47ac10b-58cc-4372-a567-0e02b2c3d479', N'f47ac10b-58cc-4372-a567-0e02b2c3d479', 0);
INSERT INTO [dbo].[Product] ([jan_code], [name], [volume], [size_x], [size_y], [size_z], [shape_type_id], [image_url], [created_at], [modified_at], [created_by], [modified_by], [disabled]) VALUES (N'4902102112723', N'トロピカーナ100%オレンジ/Tropicana 100%orange 330ml', CAST(330.0 AS Decimal(5, 1)), CAST(60.0 AS Decimal(5, 1)), CAST(60.0 AS Decimal(5, 1)), CAST(184.0 AS Decimal(5, 1)), 1, N'https://operationmanagerstorage.blob.core.windows.net/skus/4909411073114_1659397561.jpg', N'2023-10-22 20:57:02', N'2023-10-22 20:57:02', N'f47ac10b-58cc-4372-a567-0e02b2c3d479', N'f47ac10b-58cc-4372-a567-0e02b2c3d479', 0);
INSERT INTO [dbo].[Product] ([jan_code], [name], [volume], [size_x], [size_y], [size_z], [shape_type_id], [image_url], [created_at], [modified_at], [created_by], [modified_by], [disabled]) VALUES (N'4902102112716', N'サントリー天然水/Suntory Natural Water 2000ml', CAST(2000.0 AS Decimal(5, 1)), CAST(91.0 AS Decimal(5, 1)), CAST(106.0 AS Decimal(5, 1)), CAST(311.0 AS Decimal(5, 1)), 1, N'https://operationmanagerstorage.blob.core.windows.net/skus/4901777018686_1679809773.jpg', N'2023-10-22 20:57:02', N'2023-10-22 20:57:02', N'f47ac10b-58cc-4372-a567-0e02b2c3d479', N'f47ac10b-58cc-4372-a567-0e02b2c3d479', 0);
INSERT INTO [dbo].[Product] ([jan_code], [name], [volume], [size_x], [size_y], [size_z], [shape_type_id], [image_url], [created_at], [modified_at], [created_by], [modified_by], [disabled]) VALUES (N'4902102112709', N'エビアン/Evian750ml', CAST(750.0 AS Decimal(5, 1)), CAST(82.0 AS Decimal(5, 1)), CAST(82.0 AS Decimal(5, 1)), CAST(210.0 AS Decimal(5, 1)), 1, N'https://operationmanagerstorage.blob.core.windows.net/skus/3068320116266_1659397561.jpg', N'2023-10-22 20:57:02', N'2023-10-22 20:57:02', N'f47ac10b-58cc-4372-a567-0e02b2c3d479', N'f47ac10b-58cc-4372-a567-0e02b2c3d479', 0);
INSERT INTO [dbo].[Product] ([jan_code], [name], [volume], [size_x], [size_y], [size_z], [shape_type_id], [image_url], [created_at], [modified_at], [created_by], [modified_by], [disabled]) VALUES (N'4902102112693', N'天然水きりっと果実オレンジ＆マンゴー/Dried fruit orange & mango Water600ml', CAST(600.0 AS Decimal(5, 1)), CAST(68.0 AS Decimal(5, 1)), CAST(68.0 AS Decimal(5, 1)), CAST(224.0 AS Decimal(5, 1)), 1, N'https://operationmanagerstorage.blob.core.windows.net/skus/4901777375901_1678168618.jpg', N'2023-10-22 20:57:02', N'2023-10-22 20:57:02', N'f47ac10b-58cc-4372-a567-0e02b2c3d479', N'f47ac10b-58cc-4372-a567-0e02b2c3d479', 0);
INSERT INTO [dbo].[Product] ([jan_code], [name], [volume], [size_x], [size_y], [size_z], [shape_type_id], [image_url], [created_at], [modified_at], [created_by], [modified_by], [disabled]) VALUES (N'4902102112686', N'朝摘みオレンジ＆サントリー天然水/Morning orange & Suntory Nat.Water 540ml', CAST(540.0 AS Decimal(5, 1)), CAST(69.0 AS Decimal(5, 1)), CAST(69.0 AS Decimal(5, 1)), CAST(209.0 AS Decimal(5, 1)), 1, N'https://operationmanagerstorage.blob.core.windows.net/skus/4901777285491_1659397562.jpg', N'2023-10-22 20:57:02', N'2023-10-22 20:57:02', N'f47ac10b-58cc-4372-a567-0e02b2c3d479', N'f47ac10b-58cc-4372-a567-0e02b2c3d479', 0);
INSERT INTO [dbo].[Product] ([jan_code], [name], [volume], [size_x], [size_y], [size_z], [shape_type_id], [image_url], [created_at], [modified_at], [created_by], [modified_by], [disabled]) VALUES (N'4902102112679', N'天然水贅沢スパークリングレモン/Natural water luxury sparkling lemon 500ml', CAST(500.0 AS Decimal(5, 1)), CAST(69.0 AS Decimal(5, 1)), CAST(69.0 AS Decimal(5, 1)), CAST(223.0 AS Decimal(5, 1)), 1, N'https://operationmanagerstorage.blob.core.windows.net/skus/4901777317604_1659397562.jpg', N'2023-10-22 20:57:02', N'2023-10-22 20:57:02', N'f47ac10b-58cc-4372-a567-0e02b2c3d479', N'f47ac10b-58cc-4372-a567-0e02b2c3d479', 0);
INSERT INTO [dbo].[Product] ([jan_code], [name], [volume], [size_x], [size_y], [size_z], [shape_type_id], [image_url], [created_at], [modified_at], [created_by], [modified_by], [disabled]) VALUES (N'4902102112662', N'ウィルキンソンタンサンスパイシーレモンジンジャ/Wilkinson SpicyLemon ginger 450ml', CAST(450.0 AS Decimal(5, 1)), CAST(66.0 AS Decimal(5, 1)), CAST(66.0 AS Decimal(5, 1)), CAST(217.0 AS Decimal(5, 1)), 1, N'https://operationmanagerstorage.blob.core.windows.net/skus/4514603417814_1659397562.jpg', N'2023-10-22 20:57:02', N'2023-10-22 20:57:02', N'f47ac10b-58cc-4372-a567-0e02b2c3d479', N'f47ac10b-58cc-4372-a567-0e02b2c3d479', 0);
INSERT INTO [dbo].[Product] ([jan_code], [name], [volume], [size_x], [size_y], [size_z], [shape_type_id], [image_url], [created_at], [modified_at], [created_by], [modified_by], [disabled]) VALUES (N'4902102112655', N'ウィルキンソンタンサンレモン/Wilkinson Lemon 500ml', CAST(500.0 AS Decimal(5, 1)), CAST(66.0 AS Decimal(5, 1)), CAST(66.0 AS Decimal(5, 1)), CAST(208.0 AS Decimal(5, 1)), 1, N'https://operationmanagerstorage.blob.core.windows.net/skus/4514603347418_1659397562.jpg', N'2023-10-22 20:57:02', N'2023-10-22 20:57:02', N'f47ac10b-58cc-4372-a567-0e02b2c3d479', N'f47ac10b-58cc-4372-a567-0e02b2c3d479', 0);
INSERT INTO [dbo].[Product] ([jan_code], [name], [volume], [size_x], [size_y], [size_z], [shape_type_id], [image_url], [created_at], [modified_at], [created_by], [modified_by], [disabled]) VALUES (N'4902102112648', N'サントリー天然水/Suntory natural water 550ml', CAST(550.0 AS Decimal(5, 1)), CAST(69.0 AS Decimal(5, 1)), CAST(69.0 AS Decimal(5, 1)), CAST(208.0 AS Decimal(5, 1)), 1, N'https://operationmanagerstorage.blob.core.windows.net/skus/4901777216884_1659397563.jpg', N'2023-10-22 20:57:02', N'2023-10-22 20:57:02', N'f47ac10b-58cc-4372-a567-0e02b2c3d479', N'f47ac10b-58cc-4372-a567-0e02b2c3d479', 0);
INSERT INTO [dbo].[Product] ([jan_code], [name], [volume], [size_x], [size_y], [size_z], [shape_type_id], [image_url], [created_at], [modified_at], [created_by], [modified_by], [disabled]) VALUES (N'4902102112631', N'ウィルキンソンタンサン/Wilkinson red 500ml', CAST(500.0 AS Decimal(5, 1)), CAST(66.0 AS Decimal(5, 1)), CAST(66.0 AS Decimal(5, 1)), CAST(208.0 AS Decimal(5, 1)), 1, N'https://operationmanagerstorage.blob.core.windows.net/skus/4514603325812_1659397563.jpg', N'2023-10-22 20:57:02', N'2023-10-22 20:57:02', N'f47ac10b-58cc-4372-a567-0e02b2c3d479', N'f47ac10b-58cc-4372-a567-0e02b2c3d479', 0);
INSERT INTO [dbo].[Product] ([jan_code], [name], [volume], [size_x], [size_y], [size_z], [shape_type_id], [image_url], [created_at], [modified_at], [created_by], [modified_by], [disabled]) VALUES (N'4902102112624', N'ウィルキンソンエクストラレモン/Wilkinson Extra Lemon 490ml', CAST(490.0 AS Decimal(5, 1)), CAST(66.0 AS Decimal(5, 1)), CAST(66.0 AS Decimal(5, 1)), CAST(208.0 AS Decimal(5, 1)), 1, N'https://operationmanagerstorage.blob.core.windows.net/skus/4514603363111_1662606101.jpg', N'2023-10-22 20:57:02', N'2023-10-22 20:57:02', N'f47ac10b-58cc-4372-a567-0e02b2c3d479', N'f47ac10b-58cc-4372-a567-0e02b2c3d479', 0);
INSERT INTO [dbo].[Product] ([jan_code], [name], [volume], [size_x], [size_y], [size_z], [shape_type_id], [image_url], [created_at], [modified_at], [created_by], [modified_by], [disabled]) VALUES (N'4902102112617', N'ウィルキンソンエクストラピンクグレープフルーツ/Wilkinson Extra Pink Grapefruit 490ml', CAST(490.0 AS Decimal(5, 1)), CAST(66.0 AS Decimal(5, 1)), CAST(66.0 AS Decimal(5, 1)), CAST(208.0 AS Decimal(5, 1)), 1, N'https://operationmanagerstorage.blob.core.windows.net/skus/4514603394719_1662606159.jpg', N'2023-10-22 20:57:02', N'2023-10-22 20:57:02', N'f47ac10b-58cc-4372-a567-0e02b2c3d479', N'f47ac10b-58cc-4372-a567-0e02b2c3d479', 0);
INSERT INTO [dbo].[Product] ([jan_code], [name], [volume], [size_x], [size_y], [size_z], [shape_type_id], [image_url], [created_at], [modified_at], [created_by], [modified_by], [disabled]) VALUES (N'4902102112600', N'スーパーc.c.レモン/Super C.C. Lemon 350ml', CAST(350.0 AS Decimal(5, 1)), CAST(66.0 AS Decimal(5, 1)), CAST(66.0 AS Decimal(5, 1)), CAST(165.0 AS Decimal(5, 1)), 1, N'https://operationmanagerstorage.blob.core.windows.net/skus/4901777314757_1659397565.jpg', N'2023-10-22 20:57:02', N'2023-10-22 20:57:02', N'f47ac10b-58cc-4372-a567-0e02b2c3d479', N'f47ac10b-58cc-4372-a567-0e02b2c3d479', 0);
INSERT INTO [dbo].[Product] ([jan_code], [name], [volume], [size_x], [size_y], [size_z], [shape_type_id], [image_url], [created_at], [modified_at], [created_by], [modified_by], [disabled]) VALUES (N'4902102112594', N'コカコーラ/Coca -Cola 300ml', CAST(300.0 AS Decimal(5, 1)), CAST(63.0 AS Decimal(5, 1)), CAST(63.0 AS Decimal(5, 1)), CAST(160.0 AS Decimal(5, 1)), 1, N'https://operationmanagerstorage.blob.core.windows.net/skus/4902102066990_1659397565.jpg', N'2023-10-22 20:57:02', N'2023-10-22 20:57:02', N'f47ac10b-58cc-4372-a567-0e02b2c3d479', N'f47ac10b-58cc-4372-a567-0e02b2c3d479', 0);
INSERT INTO [dbo].[Product] ([jan_code], [name], [volume], [size_x], [size_y], [size_z], [shape_type_id], [image_url], [created_at], [modified_at], [created_by], [modified_by], [disabled]) VALUES (N'4902102112587', N'エビアン/Evian 330ml', CAST(330.0 AS Decimal(5, 1)), CAST(59.0 AS Decimal(5, 1)), CAST(59.0 AS Decimal(5, 1)), CAST(172.0 AS Decimal(5, 1)), 1, N'https://operationmanagerstorage.blob.core.windows.net/skus/3068320111735_1659397565.jpg', N'2023-10-22 20:57:02', N'2023-10-22 20:57:02', N'f47ac10b-58cc-4372-a567-0e02b2c3d479', N'f47ac10b-58cc-4372-a567-0e02b2c3d479', 0);
INSERT INTO [dbo].[Product] ([jan_code], [name], [volume], [size_x], [size_y], [size_z], [shape_type_id], [image_url], [created_at], [modified_at], [created_by], [modified_by], [disabled]) VALUES (N'4902102112570', N'野菜一日これ一本Plus/Vegetables per day PLUS265G', CAST(265.0 AS Decimal(5, 1)), CAST(53.0 AS Decimal(5, 1)), CAST(53.0 AS Decimal(5, 1)), CAST(166.0 AS Decimal(5, 1)), 1, N'https://operationmanagerstorage.blob.core.windows.net/skus/4901306000687_1668282507.jpg', N'2023-10-22 20:57:02', N'2023-10-22 20:57:02', N'f47ac10b-58cc-4372-a567-0e02b2c3d479', N'f47ac10b-58cc-4372-a567-0e02b2c3d479', 0);
INSERT INTO [dbo].[Product] ([jan_code], [name], [volume], [size_x], [size_y], [size_z], [shape_type_id], [image_url], [created_at], [modified_at], [created_by], [modified_by], [disabled]) VALUES (N'4902102112549', N'胡麻麦茶/Sesame and barley tea 350ml', CAST(350.0 AS Decimal(5, 1)), CAST(60.0 AS Decimal(5, 1)), CAST(60.0 AS Decimal(5, 1)), CAST(158.0 AS Decimal(5, 1)), 1, N'https://operationmanagerstorage.blob.core.windows.net/skus/4901777235533_1673227712.jpg', N'2023-10-22 20:57:02', N'2023-10-22 20:57:02', N'f47ac10b-58cc-4372-a567-0e02b2c3d479', N'f47ac10b-58cc-4372-a567-0e02b2c3d479', 0);
INSERT INTO [dbo].[Product] ([jan_code], [name], [volume], [size_x], [size_y], [size_z], [shape_type_id], [image_url], [created_at], [modified_at], [created_by], [modified_by], [disabled]) VALUES (N'4902102112563', N'トマトジュース高リコピントマト使用/High on lycopene tomato juice265g', CAST(265.0 AS Decimal(5, 1)), CAST(53.0 AS Decimal(5, 1)), CAST(53.0 AS Decimal(5, 1)), CAST(166.0 AS Decimal(5, 1)), 1, N'https://operationmanagerstorage.blob.core.windows.net/skus/4901306024010_1659397565.jpg', N'2023-10-22 20:57:02', N'2023-10-22 20:57:02', N'f47ac10b-58cc-4372-a567-0e02b2c3d479', N'f47ac10b-58cc-4372-a567-0e02b2c3d479', 0);
INSERT INTO [dbo].[Product] ([jan_code], [name], [volume], [size_x], [size_y], [size_z], [shape_type_id], [image_url], [created_at], [modified_at], [created_by], [modified_by], [disabled]) VALUES (N'4902102112556', N'綾鷹カフェほうじ茶ラテ/Ayataka Cafe Hojicha Latte 440ml', CAST(440.0 AS Decimal(5, 1)), CAST(68.0 AS Decimal(5, 1)), CAST(68.0 AS Decimal(5, 1)), CAST(185.0 AS Decimal(5, 1)), 1, N'https://operationmanagerstorage.blob.core.windows.net/skus/4902102144124_1659397566.jpg', N'2023-10-22 20:57:02', N'2023-10-22 20:57:02', N'f47ac10b-58cc-4372-a567-0e02b2c3d479', N'f47ac10b-58cc-4372-a567-0e02b2c3d479', 0);
INSERT INTO [dbo].[Product] ([jan_code], [name], [volume], [size_x], [size_y], [size_z], [shape_type_id], [image_url], [created_at], [modified_at], [created_by], [modified_by], [disabled]) VALUES (N'4902102112532', N'伊右衛門プラス血糖値対策/Iemon plus blood sugar level 350ml', CAST(350.0 AS Decimal(5, 1)), CAST(60.0 AS Decimal(5, 1)), CAST(60.0 AS Decimal(5, 1)), CAST(162.0 AS Decimal(5, 1)), 1, N'https://operationmanagerstorage.blob.core.windows.net/skus/4901777356658_1659397569.jpg', N'2023-10-22 20:57:02', N'2023-10-22 20:57:02', N'f47ac10b-58cc-4372-a567-0e02b2c3d479', N'f47ac10b-58cc-4372-a567-0e02b2c3d479', 0);
INSERT INTO [dbo].[Product] ([jan_code], [name], [volume], [size_x], [size_y], [size_z], [shape_type_id], [image_url], [created_at], [modified_at], [created_by], [modified_by], [disabled]) VALUES (N'4902102112518', N'爽健美茶/Sokenbicha 300ml', CAST(300.0 AS Decimal(5, 1)), CAST(60.0 AS Decimal(5, 1)), CAST(60.0 AS Decimal(5, 1)), CAST(167.0 AS Decimal(5, 1)), 1, N'https://operationmanagerstorage.blob.core.windows.net/skus/4902102103138_1684221171.jpg', N'2023-10-22 20:57:02', N'2023-10-22 20:57:02', N'f47ac10b-58cc-4372-a567-0e02b2c3d479', N'f47ac10b-58cc-4372-a567-0e02b2c3d479', 0);
INSERT INTO [dbo].[Product] ([jan_code], [name], [volume], [size_x], [size_y], [size_z], [shape_type_id], [image_url], [created_at], [modified_at], [created_by], [modified_by], [disabled]) VALUES (N'4902102112501', N'綾鷹カフェ抹茶ラテ/Ayataka Cafe Matcha Latte 440ml', CAST(440.0 AS Decimal(5, 1)), CAST(68.0 AS Decimal(5, 1)), CAST(68.0 AS Decimal(5, 1)), CAST(185.0 AS Decimal(5, 1)), 1, N'https://operationmanagerstorage.blob.core.windows.net/skus/4902102142885_1679809596.jpg', N'2023-10-22 20:57:02', N'2023-10-22 20:57:02', N'f47ac10b-58cc-4372-a567-0e02b2c3d479', N'f47ac10b-58cc-4372-a567-0e02b2c3d479', 0);
INSERT INTO [dbo].[Product] ([jan_code], [name], [volume], [size_x], [size_y], [size_z], [shape_type_id], [image_url], [created_at], [modified_at], [created_by], [modified_by], [disabled]) VALUES (N'4902102112495', N'からだすこやか茶Ｗ/Fresh Body Tea W350ml', CAST(350.0 AS Decimal(5, 1)), CAST(67.0 AS Decimal(5, 1)), CAST(67.0 AS Decimal(5, 1)), CAST(158.0 AS Decimal(5, 1)), 1, N'https://operationmanagerstorage.blob.core.windows.net/skus/4902102108065_1659397570.jpg', N'2023-10-22 20:57:02', N'2023-10-22 20:57:02', N'f47ac10b-58cc-4372-a567-0e02b2c3d479', N'f47ac10b-58cc-4372-a567-0e02b2c3d479', 0);
INSERT INTO [dbo].[Product] ([jan_code], [name], [volume], [size_x], [size_y], [size_z], [shape_type_id], [image_url], [created_at], [modified_at], [created_by], [modified_by], [disabled]) VALUES (N'4902102112488', N'クラフトボス抹茶ラテ/Craft Boss Matcha Latte 500ml', CAST(500.0 AS Decimal(5, 1)), CAST(72.0 AS Decimal(5, 1)), CAST(72.0 AS Decimal(5, 1)), CAST(177.0 AS Decimal(5, 1)), 1, N'https://operationmanagerstorage.blob.core.windows.net/skus/4901777368798_1672288959.jpg', N'2023-10-22 20:57:02', N'2023-10-22 20:57:02', N'f47ac10b-58cc-4372-a567-0e02b2c3d479', N'f47ac10b-58cc-4372-a567-0e02b2c3d479', 0);
INSERT INTO [dbo].[Product] ([jan_code], [name], [volume], [size_x], [size_y], [size_z], [shape_type_id], [image_url], [created_at], [modified_at], [created_by], [modified_by], [disabled]) VALUES (N'4902102112471', N'新綾鷹抹茶グリーンティー/Ayaka Matcha Green Tea 370ml', CAST(370.0 AS Decimal(5, 1)), CAST(66.0 AS Decimal(5, 1)), CAST(66.0 AS Decimal(5, 1)), CAST(166.0 AS Decimal(5, 1)), 1, N'https://operationmanagerstorage.blob.core.windows.net/skus/4902102148160_1668652334.jpg', N'2023-10-22 20:57:02', N'2023-10-22 20:57:02', N'f47ac10b-58cc-4372-a567-0e02b2c3d479', N'f47ac10b-58cc-4372-a567-0e02b2c3d479', 0);
INSERT INTO [dbo].[Product] ([jan_code], [name], [volume], [size_x], [size_y], [size_z], [shape_type_id], [image_url], [created_at], [modified_at], [created_by], [modified_by], [disabled]) VALUES (N'4902102112464', N'伊右衛門/Iemon 2000ml', CAST(2000.0 AS Decimal(5, 1)), CAST(106.0 AS Decimal(5, 1)), CAST(92.0 AS Decimal(5, 1)), CAST(312.0 AS Decimal(5, 1)), 1, N'https://operationmanagerstorage.blob.core.windows.net/skus/4901777238022_1677304245.jpg', N'2023-10-22 20:57:02', N'2023-10-22 20:57:02', N'f47ac10b-58cc-4372-a567-0e02b2c3d479', N'f47ac10b-58cc-4372-a567-0e02b2c3d479', 0);
INSERT INTO [dbo].[Product] ([jan_code], [name], [volume], [size_x], [size_y], [size_z], [shape_type_id], [image_url], [created_at], [modified_at], [created_by], [modified_by], [disabled]) VALUES (N'4902102112457', N'おーいお茶緑茶/O-i green tea 2000ml', CAST(2000.0 AS Decimal(5, 1)), CAST(91.0 AS Decimal(5, 1)), CAST(107.0 AS Decimal(5, 1)), CAST(311.0 AS Decimal(5, 1)), 1, N'https://operationmanagerstorage.blob.core.windows.net/skus/4901085614730_1659397571.jpg', N'2023-10-22 20:57:02', N'2023-10-22 20:57:02', N'f47ac10b-58cc-4372-a567-0e02b2c3d479', N'f47ac10b-58cc-4372-a567-0e02b2c3d479', 0);

INSERT INTO [dbo].[ShapeType] ([name], [created_at], [modified_at], [created_by], [modified_by], [disabled]) VALUES (N'Can', N'2023-10-22 00:00:00', N'2023-10-22 00:00:00', N'f47ac10b-58cc-4372-a567-0e02b2c3d479', N'f47ac10b-58cc-4372-a567-0e02b2c3d479', 0);
INSERT INTO [dbo].[ShapeType] ([name], [created_at], [modified_at], [created_by], [modified_by], [disabled]) VALUES (N'Bottle', N'2023-10-22 00:00:00', N'2023-10-22 00:00:00', N'f47ac10b-58cc-4372-a567-0e02b2c3d479', N'f47ac10b-58cc-4372-a567-0e02b2c3d479', 0);


INSERT INTO [dbo].[Store] ([name], [created_at], [modified_at], [created_by], [modified_by], [disabled]) VALUES (N'test', N'2023-10-22 00:00:00', N'2023-10-22 00:00:00', N'f47ac10b-58cc-4372-a567-0e02b2c3d479', N'f47ac10b-58cc-4372-a567-0e02b2c3d479', 0);


INSERT INTO [dbo].[StoreProductStock] ([store_id], [jan_code], [quantity], [created_at], [modified_at], [created_by], [modified_by], [disabled]) VALUES (1, N'4902102112457', 200, N'2023-10-22 22:25:48', N'2023-10-22 22:25:48', N'f47ac10b-58cc-4372-a567-0e02b2c3d479', N'f47ac10b-58cc-4372-a567-0e02b2c3d479', 0);
INSERT INTO [dbo].[StoreProductStock] ([store_id], [jan_code], [quantity], [created_at], [modified_at], [created_by], [modified_by], [disabled]) VALUES (1, N'4902102112464', 200, N'2023-10-22 22:26:05', N'2023-10-22 22:26:05', N'f47ac10b-58cc-4372-a567-0e02b2c3d479', N'f47ac10b-58cc-4372-a567-0e02b2c3d479', 0);
INSERT INTO [dbo].[StoreProductStock] ([store_id], [jan_code], [quantity], [created_at], [modified_at], [created_by], [modified_by], [disabled]) VALUES (1, N'4902102112471', 200, N'2023-10-22 22:26:05', N'2023-10-22 22:26:05', N'f47ac10b-58cc-4372-a567-0e02b2c3d479', N'f47ac10b-58cc-4372-a567-0e02b2c3d479', 0);
INSERT INTO [dbo].[StoreProductStock] ([store_id], [jan_code], [quantity], [created_at], [modified_at], [created_by], [modified_by], [disabled]) VALUES (1, N'4902102112488', 200, N'2023-10-22 22:26:05', N'2023-10-22 22:26:05', N'f47ac10b-58cc-4372-a567-0e02b2c3d479', N'f47ac10b-58cc-4372-a567-0e02b2c3d479', 0);
INSERT INTO [dbo].[StoreProductStock] ([store_id], [jan_code], [quantity], [created_at], [modified_at], [created_by], [modified_by], [disabled]) VALUES (1, N'4902102112495', 200, N'2023-10-22 22:26:05', N'2023-10-22 22:26:05', N'f47ac10b-58cc-4372-a567-0e02b2c3d479', N'f47ac10b-58cc-4372-a567-0e02b2c3d479', 0);
INSERT INTO [dbo].[StoreProductStock] ([store_id], [jan_code], [quantity], [created_at], [modified_at], [created_by], [modified_by], [disabled]) VALUES (1, N'4902102112501', 200, N'2023-10-22 22:26:05', N'2023-10-22 22:26:05', N'f47ac10b-58cc-4372-a567-0e02b2c3d479', N'f47ac10b-58cc-4372-a567-0e02b2c3d479', 0);
INSERT INTO [dbo].[StoreProductStock] ([store_id], [jan_code], [quantity], [created_at], [modified_at], [created_by], [modified_by], [disabled]) VALUES (1, N'4902102112518', 200, N'2023-10-22 22:26:05', N'2023-10-22 22:26:05', N'f47ac10b-58cc-4372-a567-0e02b2c3d479', N'f47ac10b-58cc-4372-a567-0e02b2c3d479', 0);
INSERT INTO [dbo].[StoreProductStock] ([store_id], [jan_code], [quantity], [created_at], [modified_at], [created_by], [modified_by], [disabled]) VALUES (1, N'4902102112525', 200, N'2023-10-22 22:26:05', N'2023-10-22 22:26:05', N'f47ac10b-58cc-4372-a567-0e02b2c3d479', N'f47ac10b-58cc-4372-a567-0e02b2c3d479', 0);
INSERT INTO [dbo].[StoreProductStock] ([store_id], [jan_code], [quantity], [created_at], [modified_at], [created_by], [modified_by], [disabled]) VALUES (1, N'4902102112532', 200, N'2023-10-22 22:26:05', N'2023-10-22 22:26:05', N'f47ac10b-58cc-4372-a567-0e02b2c3d479', N'f47ac10b-58cc-4372-a567-0e02b2c3d479', 0);
INSERT INTO [dbo].[StoreProductStock] ([store_id], [jan_code], [quantity], [created_at], [modified_at], [created_by], [modified_by], [disabled]) VALUES (1, N'4902102112549', 200, N'2023-10-22 22:26:05', N'2023-10-22 22:26:05', N'f47ac10b-58cc-4372-a567-0e02b2c3d479', N'f47ac10b-58cc-4372-a567-0e02b2c3d479', 0);
INSERT INTO [dbo].[StoreProductStock] ([store_id], [jan_code], [quantity], [created_at], [modified_at], [created_by], [modified_by], [disabled]) VALUES (1, N'4902102112556', 200, N'2023-10-22 22:26:05', N'2023-10-22 22:26:05', N'f47ac10b-58cc-4372-a567-0e02b2c3d479', N'f47ac10b-58cc-4372-a567-0e02b2c3d479', 0);
INSERT INTO [dbo].[StoreProductStock] ([store_id], [jan_code], [quantity], [created_at], [modified_at], [created_by], [modified_by], [disabled]) VALUES (1, N'4902102112563', 200, N'2023-10-22 22:26:05', N'2023-10-22 22:26:05', N'f47ac10b-58cc-4372-a567-0e02b2c3d479', N'f47ac10b-58cc-4372-a567-0e02b2c3d479', 0);
INSERT INTO [dbo].[StoreProductStock] ([store_id], [jan_code], [quantity], [created_at], [modified_at], [created_by], [modified_by], [disabled]) VALUES (1, N'4902102112570', 200, N'2023-10-22 22:26:05', N'2023-10-22 22:26:05', N'f47ac10b-58cc-4372-a567-0e02b2c3d479', N'f47ac10b-58cc-4372-a567-0e02b2c3d479', 0);
INSERT INTO [dbo].[StoreProductStock] ([store_id], [jan_code], [quantity], [created_at], [modified_at], [created_by], [modified_by], [disabled]) VALUES (1, N'4902102112587', 200, N'2023-10-22 22:26:05', N'2023-10-22 22:26:05', N'f47ac10b-58cc-4372-a567-0e02b2c3d479', N'f47ac10b-58cc-4372-a567-0e02b2c3d479', 0);
INSERT INTO [dbo].[StoreProductStock] ([store_id], [jan_code], [quantity], [created_at], [modified_at], [created_by], [modified_by], [disabled]) VALUES (1, N'4902102112594', 200, N'2023-10-22 22:26:05', N'2023-10-22 22:26:05', N'f47ac10b-58cc-4372-a567-0e02b2c3d479', N'f47ac10b-58cc-4372-a567-0e02b2c3d479', 0);
INSERT INTO [dbo].[StoreProductStock] ([store_id], [jan_code], [quantity], [created_at], [modified_at], [created_by], [modified_by], [disabled]) VALUES (1, N'4902102112600', 200, N'2023-10-22 22:26:05', N'2023-10-22 22:26:05', N'f47ac10b-58cc-4372-a567-0e02b2c3d479', N'f47ac10b-58cc-4372-a567-0e02b2c3d479', 0);
INSERT INTO [dbo].[StoreProductStock] ([store_id], [jan_code], [quantity], [created_at], [modified_at], [created_by], [modified_by], [disabled]) VALUES (1, N'4902102112617', 200, N'2023-10-22 22:26:05', N'2023-10-22 22:26:05', N'f47ac10b-58cc-4372-a567-0e02b2c3d479', N'f47ac10b-58cc-4372-a567-0e02b2c3d479', 0);
INSERT INTO [dbo].[StoreProductStock] ([store_id], [jan_code], [quantity], [created_at], [modified_at], [created_by], [modified_by], [disabled]) VALUES (1, N'4902102112624', 200, N'2023-10-22 22:26:05', N'2023-10-22 22:26:05', N'f47ac10b-58cc-4372-a567-0e02b2c3d479', N'f47ac10b-58cc-4372-a567-0e02b2c3d479', 0);
INSERT INTO [dbo].[StoreProductStock] ([store_id], [jan_code], [quantity], [created_at], [modified_at], [created_by], [modified_by], [disabled]) VALUES (1, N'4902102112631', 200, N'2023-10-22 22:26:05', N'2023-10-22 22:26:05', N'f47ac10b-58cc-4372-a567-0e02b2c3d479', N'f47ac10b-58cc-4372-a567-0e02b2c3d479', 0);
INSERT INTO [dbo].[StoreProductStock] ([store_id], [jan_code], [quantity], [created_at], [modified_at], [created_by], [modified_by], [disabled]) VALUES (1, N'4902102112648', 200, N'2023-10-22 22:26:05', N'2023-10-22 22:26:05', N'f47ac10b-58cc-4372-a567-0e02b2c3d479', N'f47ac10b-58cc-4372-a567-0e02b2c3d479', 0);
INSERT INTO [dbo].[StoreProductStock] ([store_id], [jan_code], [quantity], [created_at], [modified_at], [created_by], [modified_by], [disabled]) VALUES (1, N'4902102112655', 200, N'2023-10-22 22:26:05', N'2023-10-22 22:26:05', N'f47ac10b-58cc-4372-a567-0e02b2c3d479', N'f47ac10b-58cc-4372-a567-0e02b2c3d479', 0);
INSERT INTO [dbo].[StoreProductStock] ([store_id], [jan_code], [quantity], [created_at], [modified_at], [created_by], [modified_by], [disabled]) VALUES (1, N'4902102112662', 200, N'2023-10-22 22:26:05', N'2023-10-22 22:26:05', N'f47ac10b-58cc-4372-a567-0e02b2c3d479', N'f47ac10b-58cc-4372-a567-0e02b2c3d479', 0);
INSERT INTO [dbo].[StoreProductStock] ([store_id], [jan_code], [quantity], [created_at], [modified_at], [created_by], [modified_by], [disabled]) VALUES (1, N'4902102112679', 200, N'2023-10-22 22:26:05', N'2023-10-22 22:26:05', N'f47ac10b-58cc-4372-a567-0e02b2c3d479', N'f47ac10b-58cc-4372-a567-0e02b2c3d479', 0);
INSERT INTO [dbo].[StoreProductStock] ([store_id], [jan_code], [quantity], [created_at], [modified_at], [created_by], [modified_by], [disabled]) VALUES (1, N'4902102112686', 200, N'2023-10-22 22:26:05', N'2023-10-22 22:26:05', N'f47ac10b-58cc-4372-a567-0e02b2c3d479', N'f47ac10b-58cc-4372-a567-0e02b2c3d479', 0);
INSERT INTO [dbo].[StoreProductStock] ([store_id], [jan_code], [quantity], [created_at], [modified_at], [created_by], [modified_by], [disabled]) VALUES (1, N'4902102112693', 200, N'2023-10-22 22:26:05', N'2023-10-22 22:26:05', N'f47ac10b-58cc-4372-a567-0e02b2c3d479', N'f47ac10b-58cc-4372-a567-0e02b2c3d479', 0);
INSERT INTO [dbo].[StoreProductStock] ([store_id], [jan_code], [quantity], [created_at], [modified_at], [created_by], [modified_by], [disabled]) VALUES (1, N'4902102112709', 200, N'2023-10-22 22:26:05', N'2023-10-22 22:26:05', N'f47ac10b-58cc-4372-a567-0e02b2c3d479', N'f47ac10b-58cc-4372-a567-0e02b2c3d479', 0);
INSERT INTO [dbo].[StoreProductStock] ([store_id], [jan_code], [quantity], [created_at], [modified_at], [created_by], [modified_by], [disabled]) VALUES (1, N'4902102112716', 200, N'2023-10-22 22:26:05', N'2023-10-22 22:26:05', N'f47ac10b-58cc-4372-a567-0e02b2c3d479', N'f47ac10b-58cc-4372-a567-0e02b2c3d479', 0);
INSERT INTO [dbo].[StoreProductStock] ([store_id], [jan_code], [quantity], [created_at], [modified_at], [created_by], [modified_by], [disabled]) VALUES (1, N'4902102112723', 200, N'2023-10-22 22:26:05', N'2023-10-22 22:26:05', N'f47ac10b-58cc-4372-a567-0e02b2c3d479', N'f47ac10b-58cc-4372-a567-0e02b2c3d479', 0);
INSERT INTO [dbo].[StoreProductStock] ([store_id], [jan_code], [quantity], [created_at], [modified_at], [created_by], [modified_by], [disabled]) VALUES (1, N'4902102112730', 200, N'2023-10-22 22:26:05', N'2023-10-22 22:26:05', N'f47ac10b-58cc-4372-a567-0e02b2c3d479', N'f47ac10b-58cc-4372-a567-0e02b2c3d479', 0);
INSERT INTO [dbo].[StoreProductStock] ([store_id], [jan_code], [quantity], [created_at], [modified_at], [created_by], [modified_by], [disabled]) VALUES (1, N'4902102112747', 200, N'2023-10-22 22:26:05', N'2023-10-22 22:26:05', N'f47ac10b-58cc-4372-a567-0e02b2c3d479', N'f47ac10b-58cc-4372-a567-0e02b2c3d479', 0);
INSERT INTO [dbo].[StoreProductStock] ([store_id], [jan_code], [quantity], [created_at], [modified_at], [created_by], [modified_by], [disabled]) VALUES (1, N'4902102112754', 200, N'2023-10-22 22:26:05', N'2023-10-22 22:26:05', N'f47ac10b-58cc-4372-a567-0e02b2c3d479', N'f47ac10b-58cc-4372-a567-0e02b2c3d479', 0);
INSERT INTO [dbo].[StoreProductStock] ([store_id], [jan_code], [quantity], [created_at], [modified_at], [created_by], [modified_by], [disabled]) VALUES (1, N'4902102112761', 200, N'2023-10-22 22:26:05', N'2023-10-22 22:26:05', N'f47ac10b-58cc-4372-a567-0e02b2c3d479', N'f47ac10b-58cc-4372-a567-0e02b2c3d479', 0);
INSERT INTO [dbo].[StoreProductStock] ([store_id], [jan_code], [quantity], [created_at], [modified_at], [created_by], [modified_by], [disabled]) VALUES (1, N'4902102112778', 200, N'2023-10-22 22:26:05', N'2023-10-22 22:26:05', N'f47ac10b-58cc-4372-a567-0e02b2c3d479', N'f47ac10b-58cc-4372-a567-0e02b2c3d479', 0);
INSERT INTO [dbo].[StoreProductStock] ([store_id], [jan_code], [quantity], [created_at], [modified_at], [created_by], [modified_by], [disabled]) VALUES (1, N'4902102112785', 200, N'2023-10-22 22:26:05', N'2023-10-22 22:26:05', N'f47ac10b-58cc-4372-a567-0e02b2c3d479', N'f47ac10b-58cc-4372-a567-0e02b2c3d479', 0);
INSERT INTO [dbo].[StoreProductStock] ([store_id], [jan_code], [quantity], [created_at], [modified_at], [created_by], [modified_by], [disabled]) VALUES (1, N'4902102112792', 200, N'2023-10-22 22:26:05', N'2023-10-22 22:26:05', N'f47ac10b-58cc-4372-a567-0e02b2c3d479', N'f47ac10b-58cc-4372-a567-0e02b2c3d479', 0);
INSERT INTO [dbo].[StoreProductStock] ([store_id], [jan_code], [quantity], [created_at], [modified_at], [created_by], [modified_by], [disabled]) VALUES (1, N'4902102112808', 200, N'2023-10-22 22:26:05', N'2023-10-22 22:26:05', N'f47ac10b-58cc-4372-a567-0e02b2c3d479', N'f47ac10b-58cc-4372-a567-0e02b2c3d479', 0);
INSERT INTO [dbo].[StoreProductStock] ([store_id], [jan_code], [quantity], [created_at], [modified_at], [created_by], [modified_by], [disabled]) VALUES (1, N'4902102112815', 200, N'2023-10-22 22:26:05', N'2023-10-22 22:26:05', N'f47ac10b-58cc-4372-a567-0e02b2c3d479', N'f47ac10b-58cc-4372-a567-0e02b2c3d479', 0);
INSERT INTO [dbo].[StoreProductStock] ([store_id], [jan_code], [quantity], [created_at], [modified_at], [created_by], [modified_by], [disabled]) VALUES (1, N'4902102112822', 200, N'2023-10-22 22:26:05', N'2023-10-22 22:26:05', N'f47ac10b-58cc-4372-a567-0e02b2c3d479', N'f47ac10b-58cc-4372-a567-0e02b2c3d479', 0);
INSERT INTO [dbo].[StoreProductStock] ([store_id], [jan_code], [quantity], [created_at], [modified_at], [created_by], [modified_by], [disabled]) VALUES (1, N'4902102112839', 200, N'2023-10-22 22:26:05', N'2023-10-22 22:26:05', N'f47ac10b-58cc-4372-a567-0e02b2c3d479', N'f47ac10b-58cc-4372-a567-0e02b2c3d479', 0);
INSERT INTO [dbo].[StoreProductStock] ([store_id], [jan_code], [quantity], [created_at], [modified_at], [created_by], [modified_by], [disabled]) VALUES (1, N'4902102112846', 200, N'2023-10-22 22:26:05', N'2023-10-22 22:26:05', N'f47ac10b-58cc-4372-a567-0e02b2c3d479', N'f47ac10b-58cc-4372-a567-0e02b2c3d479', 0);
INSERT INTO [dbo].[StoreProductStock] ([store_id], [jan_code], [quantity], [created_at], [modified_at], [created_by], [modified_by], [disabled]) VALUES (1, N'4902102112853', 200, N'2023-10-22 22:26:05', N'2023-10-22 22:26:05', N'f47ac10b-58cc-4372-a567-0e02b2c3d479', N'f47ac10b-58cc-4372-a567-0e02b2c3d479', 0);
INSERT INTO [dbo].[StoreProductStock] ([store_id], [jan_code], [quantity], [created_at], [modified_at], [created_by], [modified_by], [disabled]) VALUES (1, N'4902102112860', 200, N'2023-10-22 22:26:05', N'2023-10-22 22:26:05', N'f47ac10b-58cc-4372-a567-0e02b2c3d479', N'f47ac10b-58cc-4372-a567-0e02b2c3d479', 0);
INSERT INTO [dbo].[StoreProductStock] ([store_id], [jan_code], [quantity], [created_at], [modified_at], [created_by], [modified_by], [disabled]) VALUES (1, N'4902102112877', 200, N'2023-10-22 22:26:05', N'2023-10-22 22:26:05', N'f47ac10b-58cc-4372-a567-0e02b2c3d479', N'f47ac10b-58cc-4372-a567-0e02b2c3d479', 0);
INSERT INTO [dbo].[StoreProductStock] ([store_id], [jan_code], [quantity], [created_at], [modified_at], [created_by], [modified_by], [disabled]) VALUES (1, N'4902102112884', 200, N'2023-10-22 22:26:05', N'2023-10-22 22:26:05', N'f47ac10b-58cc-4372-a567-0e02b2c3d479', N'f47ac10b-58cc-4372-a567-0e02b2c3d479', 0);
INSERT INTO [dbo].[StoreProductStock] ([store_id], [jan_code], [quantity], [created_at], [modified_at], [created_by], [modified_by], [disabled]) VALUES (1, N'4902102112891', 200, N'2023-10-22 22:26:05', N'2023-10-22 22:26:05', N'f47ac10b-58cc-4372-a567-0e02b2c3d479', N'f47ac10b-58cc-4372-a567-0e02b2c3d479', 0);
INSERT INTO [dbo].[StoreProductStock] ([store_id], [jan_code], [quantity], [created_at], [modified_at], [created_by], [modified_by], [disabled]) VALUES (1, N'4902102112907', 200, N'2023-10-22 22:26:05', N'2023-10-22 22:26:05', N'f47ac10b-58cc-4372-a567-0e02b2c3d479', N'f47ac10b-58cc-4372-a567-0e02b2c3d479', 0);
INSERT INTO [dbo].[StoreProductStock] ([store_id], [jan_code], [quantity], [created_at], [modified_at], [created_by], [modified_by], [disabled]) VALUES (1, N'4902102112914', 200, N'2023-10-22 22:26:05', N'2023-10-22 22:26:05', N'f47ac10b-58cc-4372-a567-0e02b2c3d479', N'f47ac10b-58cc-4372-a567-0e02b2c3d479', 0);
INSERT INTO [dbo].[StoreProductStock] ([store_id], [jan_code], [quantity], [created_at], [modified_at], [created_by], [modified_by], [disabled]) VALUES (1, N'4902102112921', 200, N'2023-10-22 22:26:05', N'2023-10-22 22:26:05', N'f47ac10b-58cc-4372-a567-0e02b2c3d479', N'f47ac10b-58cc-4372-a567-0e02b2c3d479', 0);
INSERT INTO [dbo].[StoreProductStock] ([store_id], [jan_code], [quantity], [created_at], [modified_at], [created_by], [modified_by], [disabled]) VALUES (1, N'4902102112938', 200, N'2023-10-22 22:26:05', N'2023-10-22 22:26:05', N'f47ac10b-58cc-4372-a567-0e02b2c3d479', N'f47ac10b-58cc-4372-a567-0e02b2c3d479', 0);
INSERT INTO [dbo].[StoreProductStock] ([store_id], [jan_code], [quantity], [created_at], [modified_at], [created_by], [modified_by], [disabled]) VALUES (1, N'4902102112945', 200, N'2023-10-22 22:26:05', N'2023-10-22 22:26:05', N'f47ac10b-58cc-4372-a567-0e02b2c3d479', N'f47ac10b-58cc-4372-a567-0e02b2c3d479', 0);
INSERT INTO [dbo].[StoreProductStock] ([store_id], [jan_code], [quantity], [created_at], [modified_at], [created_by], [modified_by], [disabled]) VALUES (1, N'4902102112952', 200, N'2023-10-22 22:26:05', N'2023-10-22 22:26:05', N'f47ac10b-58cc-4372-a567-0e02b2c3d479', N'f47ac10b-58cc-4372-a567-0e02b2c3d479', 0);
INSERT INTO [dbo].[StoreProductStock] ([store_id], [jan_code], [quantity], [created_at], [modified_at], [created_by], [modified_by], [disabled]) VALUES (1, N'4902102112969', 200, N'2023-10-22 22:26:05', N'2023-10-22 22:26:05', N'f47ac10b-58cc-4372-a567-0e02b2c3d479', N'f47ac10b-58cc-4372-a567-0e02b2c3d479', 0);
INSERT INTO [dbo].[StoreProductStock] ([store_id], [jan_code], [quantity], [created_at], [modified_at], [created_by], [modified_by], [disabled]) VALUES (1, N'4902102112976', 200, N'2023-10-22 22:26:05', N'2023-10-22 22:26:05', N'f47ac10b-58cc-4372-a567-0e02b2c3d479', N'f47ac10b-58cc-4372-a567-0e02b2c3d479', 0);
INSERT INTO [dbo].[StoreProductStock] ([store_id], [jan_code], [quantity], [created_at], [modified_at], [created_by], [modified_by], [disabled]) VALUES (1, N'4902102112983', 200, N'2023-10-22 22:26:05', N'2023-10-22 22:26:05', N'f47ac10b-58cc-4372-a567-0e02b2c3d479', N'f47ac10b-58cc-4372-a567-0e02b2c3d479', 0);
INSERT INTO [dbo].[StoreProductStock] ([store_id], [jan_code], [quantity], [created_at], [modified_at], [created_by], [modified_by], [disabled]) VALUES (1, N'4902102112990', 200, N'2023-10-22 22:26:05', N'2023-10-22 22:26:05', N'f47ac10b-58cc-4372-a567-0e02b2c3d479', N'f47ac10b-58cc-4372-a567-0e02b2c3d479', 0);
INSERT INTO [dbo].[StoreProductStock] ([store_id], [jan_code], [quantity], [created_at], [modified_at], [created_by], [modified_by], [disabled]) VALUES (1, N'4902102113003', 200, N'2023-10-22 22:26:05', N'2023-10-22 22:26:05', N'f47ac10b-58cc-4372-a567-0e02b2c3d479', N'f47ac10b-58cc-4372-a567-0e02b2c3d479', 0);
INSERT INTO [dbo].[StoreProductStock] ([store_id], [jan_code], [quantity], [created_at], [modified_at], [created_by], [modified_by], [disabled]) VALUES (1, N'4902102113010', 200, N'2023-10-22 22:26:05', N'2023-10-22 22:26:05', N'f47ac10b-58cc-4372-a567-0e02b2c3d479', N'f47ac10b-58cc-4372-a567-0e02b2c3d479', 0);
INSERT INTO [dbo].[StoreProductStock] ([store_id], [jan_code], [quantity], [created_at], [modified_at], [created_by], [modified_by], [disabled]) VALUES (1, N'4902102113027', 200, N'2023-10-22 22:26:05', N'2023-10-22 22:26:05', N'f47ac10b-58cc-4372-a567-0e02b2c3d479', N'f47ac10b-58cc-4372-a567-0e02b2c3d479', 0);
INSERT INTO [dbo].[StoreProductStock] ([store_id], [jan_code], [quantity], [created_at], [modified_at], [created_by], [modified_by], [disabled]) VALUES (1, N'4902102113034', 200, N'2023-10-22 22:26:05', N'2023-10-22 22:26:05', N'f47ac10b-58cc-4372-a567-0e02b2c3d479', N'f47ac10b-58cc-4372-a567-0e02b2c3d479', 0);
INSERT INTO [dbo].[StoreProductStock] ([store_id], [jan_code], [quantity], [created_at], [modified_at], [created_by], [modified_by], [disabled]) VALUES (1, N'4902102113041', 200, N'2023-10-22 22:26:05', N'2023-10-22 22:26:05', N'f47ac10b-58cc-4372-a567-0e02b2c3d479', N'f47ac10b-58cc-4372-a567-0e02b2c3d479', 0);
INSERT INTO [dbo].[StoreProductStock] ([store_id], [jan_code], [quantity], [created_at], [modified_at], [created_by], [modified_by], [disabled]) VALUES (1, N'4902102113058', 200, N'2023-10-22 22:26:05', N'2023-10-22 22:26:05', N'f47ac10b-58cc-4372-a567-0e02b2c3d479', N'f47ac10b-58cc-4372-a567-0e02b2c3d479', 0);
INSERT INTO [dbo].[StoreProductStock] ([store_id], [jan_code], [quantity], [created_at], [modified_at], [created_by], [modified_by], [disabled]) VALUES (1, N'4902102113065', 200, N'2023-10-22 22:26:05', N'2023-10-22 22:26:05', N'f47ac10b-58cc-4372-a567-0e02b2c3d479', N'f47ac10b-58cc-4372-a567-0e02b2c3d479', 0);
INSERT INTO [dbo].[StoreProductStock] ([store_id], [jan_code], [quantity], [created_at], [modified_at], [created_by], [modified_by], [disabled]) VALUES (1, N'4902102113072', 200, N'2023-10-22 22:26:05', N'2023-10-22 22:26:05', N'f47ac10b-58cc-4372-a567-0e02b2c3d479', N'f47ac10b-58cc-4372-a567-0e02b2c3d479', 0);
INSERT INTO [dbo].[StoreProductStock] ([store_id], [jan_code], [quantity], [created_at], [modified_at], [created_by], [modified_by], [disabled]) VALUES (1, N'4902102113089', 200, N'2023-10-22 22:26:05', N'2023-10-22 22:26:05', N'f47ac10b-58cc-4372-a567-0e02b2c3d479', N'f47ac10b-58cc-4372-a567-0e02b2c3d479', 0);
INSERT INTO [dbo].[StoreProductStock] ([store_id], [jan_code], [quantity], [created_at], [modified_at], [created_by], [modified_by], [disabled]) VALUES (1, N'4902102113096', 200, N'2023-10-22 22:26:05', N'2023-10-22 22:26:05', N'f47ac10b-58cc-4372-a567-0e02b2c3d479', N'f47ac10b-58cc-4372-a567-0e02b2c3d479', 0);
INSERT INTO [dbo].[StoreProductStock] ([store_id], [jan_code], [quantity], [created_at], [modified_at], [created_by], [modified_by], [disabled]) VALUES (1, N'4902102113102', 200, N'2023-10-22 22:26:05', N'2023-10-22 22:26:05', N'f47ac10b-58cc-4372-a567-0e02b2c3d479', N'f47ac10b-58cc-4372-a567-0e02b2c3d479', 0);
INSERT INTO [dbo].[StoreProductStock] ([store_id], [jan_code], [quantity], [created_at], [modified_at], [created_by], [modified_by], [disabled]) VALUES (1, N'4902102113119', 200, N'2023-10-22 22:26:05', N'2023-10-22 22:26:05', N'f47ac10b-58cc-4372-a567-0e02b2c3d479', N'f47ac10b-58cc-4372-a567-0e02b2c3d479', 0);
INSERT INTO [dbo].[StoreProductStock] ([store_id], [jan_code], [quantity], [created_at], [modified_at], [created_by], [modified_by], [disabled]) VALUES (1, N'4902102113126', 200, N'2023-10-22 22:26:05', N'2023-10-22 22:26:05', N'f47ac10b-58cc-4372-a567-0e02b2c3d479', N'f47ac10b-58cc-4372-a567-0e02b2c3d479', 0);
INSERT INTO [dbo].[StoreProductStock] ([store_id], [jan_code], [quantity], [created_at], [modified_at], [created_by], [modified_by], [disabled]) VALUES (1, N'4902102113133', 200, N'2023-10-22 22:26:05', N'2023-10-22 22:26:05', N'f47ac10b-58cc-4372-a567-0e02b2c3d479', N'f47ac10b-58cc-4372-a567-0e02b2c3d479', 0);
INSERT INTO [dbo].[StoreProductStock] ([store_id], [jan_code], [quantity], [created_at], [modified_at], [created_by], [modified_by], [disabled]) VALUES (1, N'4902102113140', 200, N'2023-10-22 22:26:05', N'2023-10-22 22:26:05', N'f47ac10b-58cc-4372-a567-0e02b2c3d479', N'f47ac10b-58cc-4372-a567-0e02b2c3d479', 0);
INSERT INTO [dbo].[StoreProductStock] ([store_id], [jan_code], [quantity], [created_at], [modified_at], [created_by], [modified_by], [disabled]) VALUES (1, N'4902102113157', 200, N'2023-10-22 22:26:05', N'2023-10-22 22:26:05', N'f47ac10b-58cc-4372-a567-0e02b2c3d479', N'f47ac10b-58cc-4372-a567-0e02b2c3d479', 0);


INSERT INTO [dbo].[Users] ([id], [first_name], [last_name], [email], [created_at], [modified_at], [created_by], [modified_by], [disabled]) VALUES (N'f47ac10b-58cc-4372-a567-0e02b2c3d479', N'taiyo', N'matsuda', N'mtsuda.taiyo@gmail.com', N'2023-10-22 00:00:00', N'2023-10-22 00:00:00', N'f47ac10b-58cc-4372-a567-0e02b2c3d479', N'f47ac10b-58cc-4372-a567-0e02b2c3d479', 0);